id,fullName,phoneNumber,dateOfBirth,gender,address,email,customerId,cccdNumber,insurance,lastVisit,visitCount,faceId
p001,Võ Văn Hương,0937483950,1950-01-10,male,"677 Đường Cách Mạng Tháng 8, Phường Đa Kao, TP.HCM",võvănhương@hotmail.com,KH001,338618827160,,2024-06-12,10,face_001
p002,Mai Thành Hương,0946280478,1967-08-17,male,"192 Đường Nam Kỳ Khởi Nghĩa, Phường Cầu Kho, TP.HCM",maithànhhương@outlook.com,KH002,826604938271,SG9102623456,2024-10-13,11,face_002
p003,Huỳnh Thị Dũng,0982915509,1997-08-16,male,"723 Đường Nguyễn Huệ, Phường Nguyễn Thái Bình, TP.HCM",huỳnhthịdũng@hotmail.com,KH003,432700617283,HS8608024691,2024-08-03,18,face_003
p004,Hồ Minh Minh,0379735725,1955-09-05,female,"818 Đường Lê Lợi, Phường Cầu Kho, TP.HCM",hồminhminh@gmail.com,KH004,712870370370,,2024-09-24,12,face_004
p005,Đào Hải Hồng,0383115586,1983-08-05,female,"842 Đường Võ Văn Tần, Phường Cầu Ông Lãnh, TP.HCM",đàohảihồng@gmail.com,KH005,159189814814,BR5484027777,2024-03-04,14,face_005
p006,Hoàng Hữu Linh,0385398765,1955-10-17,female,"14 Đường Võ Văn Tần, Phường Cô Giang, TP.HCM",hoànghữulinh@hotmail.com,KH006,474544753086,,2024-09-08,7,face_006
p007,Ngô Thanh Hải,0933195293,2006-08-21,female,"84 Đường Điện Biên Phủ, Phường Cầu Kho, TP.HCM",ngôthanhhải@yahoo.com,KH007,562530864197,BT3795216049,2024-11-01,5,face_007
p008,Dương Quang Đức,0344719212,1999-01-04,male,"566 Đường Trần Hưng Đạo, Phường Nguyễn Cư Trinh, TP.HCM",dươngquangđức@yahoo.com,KH008,924182098765,,2024-05-09,19,face_008
p009,Lý Hoàng Trang,0961932407,1998-12-25,female,"460 Đường Võ Thị Sáu, Phường Tân Hưng, TP.HCM",lýhoàngtrang@outlook.com,KH009,553834876543,,2024-09-15,11,face_009
p010,Dương Kim Hà,0387395601,1993-10-16,female,"271 Đường Võ Văn Tần, Phường Cô Giang, TP.HCM",dươngkimhà@email.com,KH010,108487654320,SG6699228395,2024-01-18,6,face_010
p011,Trần Xuân Phương,0995771373,1959-12-23,male,"723 Đường Cách Mạng Tháng 8, Phường Cầu Kho, TP.HCM",trầnxuânphương@gmail.com,KH011,310879629629,QB4834259259,2024-08-22,8,face_011
p012,Lý Bảo Hồng,0346776774,1961-10-08,male,"272 Đường Lê Văn Việt, Phường Cầu Kho, TP.HCM",lýbảohồng@outlook.com,KH012,265123456790,,2024-01-10,4,face_012
p013,Nguyễn Minh An,0912823302,1980-10-07,female,"814 Đường Hoàng Diệu, Phường Đa Kao, TP.HCM",nguyễnminhan@email.com,KH013,778109567901,GV8784336419,2024-10-06,9,face_013
p014,Phan Xuân Dũng,0347402777,1957-04-16,male,"265 Đường Võ Văn Tần, Phường Tân Hưng, TP.HCM",phanxuândũng@yahoo.com,KH014,711983024691,,2024-06-08,12,face_014
p015,Đặng Văn Thành,0375865972,2006-08-13,female,"964 Đường Nguyễn Văn Linh, Phường Phạm Ngũ Lão, TP.HCM",đặngvănthành@hotmail.com,KH015,166635802469,DN3614043209,2024-08-17,9,face_015
p016,Mai Anh Linh,0339463966,1965-07-14,female,"184 Đường Nguyễn Trãi, Phường Cầu Ông Lãnh, TP.HCM",maianhlinh@yahoo.com,KH016,357916666666,,2024-08-18,15,face_016
p017,Hoàng Hải Quang,0942343827,2009-02-12,female,"485 Đường Hoàng Diệu, Phường Tân Định, TP.HCM",hoànghảiquang@outlook.com,KH017,954236111111,,2024-07-16,20,face_017
p018,Vũ Hải Nga,0363473688,1988-07-08,female,"703 Đường Nguyễn Văn Linh, Phường Tân Phú, TP.HCM",vũhảinga@email.com,KH018,575555555555,HY4814351851,2024-02-12,19,face_018
p019,Đinh Hữu An,0939367978,1953-11-06,male,"202 Đường Võ Văn Tần, Phường Đa Kao, TP.HCM",đinhhữuan@email.com,KH019,385354938271,,2024-03-12,15,face_019
p020,Lý Thành Trang,0342914506,1995-11-25,female,"133 Đường Lê Văn Việt, Phường Bến Thành, TP.HCM",lýthànhtrang@outlook.com,KH020,348341049382,HN3819984567,2024-06-20,19,face_020
p021,Lý Hải Lan,0968716203,1979-12-15,male,"571 Đường Nguyễn Văn Linh, Phường Đa Kao, TP.HCM",lýhảilan@email.com,KH021,471103395061,,2024-03-14,10,face_021
p022,Nguyễn Minh Dương,0377679398,2010-09-14,male,"993 Đường Nam Kỳ Khởi Nghĩa, Phường Bến Thành, TP.HCM",nguyễnminhdương@outlook.com,KH022,575756172839,CM3038580246,2024-11-05,6,face_022
p023,Ngô Công Tuấn,0974832947,1971-04-10,male,"459 Đường Nguyễn Trãi, Phường Cô Giang, TP.HCM",ngôcôngtuấn@gmail.com,KH023,589259259259,HP3284722222,2024-04-08,16,face_023
p024,Bùi Đình Dũng,0926282793,1991-10-10,female,"94 Đường Lê Duẩn, Phường Đa Kao, TP.HCM",bùiđìnhdũng@hotmail.com,KH024,121280864197,,2024-04-23,17,face_024
p025,Vũ Hải Bảo,0377829320,2007-02-26,male,"580 Đường Nguyễn Huệ, Phường Cầu Ông Lãnh, TP.HCM",vũhảibảo@outlook.com,KH025,584266975308,,2024-03-08,17,face_025
p026,Phạm Minh Trang,0988625848,1956-04-12,male,"983 Đường Võ Văn Tần, Phường Tân Hưng, TP.HCM",phạmminhtrang@email.com,KH026,972253086419,DL6892438271,2024-08-25,6,face_026
p027,Đào Thành Hà,0934483101,1999-04-14,female,"613 Đường Nguyễn Huệ, Phường Nguyễn Thái Bình, TP.HCM",đàothànhhà@hotmail.com,KH027,867237654320,QT5286728395,2024-04-09,8,face_027
p028,Đỗ Quang Yến,0925858873,1985-11-02,male,"400 Đường Võ Văn Tần, Phường Tân Định, TP.HCM",đỗquangyến@gmail.com,KH028,469629629629,,2024-03-17,6,face_028
p029,Lý Bảo Quang,0967238734,1986-12-27,male,"979 Đường Pasteur, Phường Tân Hưng, TP.HCM",lýbảoquang@outlook.com,KH029,415949074074,SG8384953703,2024-02-25,3,face_029
p030,Vũ Tuấn Hùng,0991410802,1995-06-10,female,"324 Đường Lê Văn Việt, Phường Phạm Ngũ Lão, TP.HCM",vũtuấnhùng@outlook.com,KH030,786859567901,DG8871836419,2024-04-02,14,face_030
p031,Mai Công Nga,0988990277,1993-04-27,male,"108 Đường Phan Văn Trị, Phường Bến Thành, TP.HCM",maicôngnga@hotmail.com,KH031,120733024691,HY6655015432,2024-04-19,12,face_031
p032,Ngô Hoàng Cường,0902421604,1972-04-06,male,"974 Đường Lý Thường Kiệt, Phường Cầu Kho, TP.HCM",ngôhoàngcường@yahoo.com,KH032,295347222222,,2024-11-08,11,face_032
p033,Đặng Bảo Thanh,0949551466,1991-06-21,female,"859 Đường Lê Duẩn, Phường Đa Kao, TP.HCM",đặngbảothanh@yahoo.com,KH033,516666666666,HY8225462962,2024-04-06,8,face_033
p034,Đặng Hoàng Quang,0385112422,1960-08-05,male,"99 Đường Điện Biên Phủ, Phường Cầu Ông Lãnh, TP.HCM",đặnghoàngquang@outlook.com,KH034,693132716049,,2024-01-25,19,face_034
p035,Trần Xuân Thanh,0914658950,1982-05-15,male,"697 Đường Nguyễn Huệ, Phường Tân Định, TP.HCM",trầnxuânthanh@email.com,KH035,356118827160,BR4897762345,2024-04-19,17,face_035
p036,Dương Hồng Vy,0361127314,1997-03-23,male,"321 Đường Nguyễn Văn Linh, Phường Cầu Ông Lãnh, TP.HCM",dươnghồngvy@gmail.com,KH036,345547839506,BP2236496913,2024-01-18,6,face_036
p037,Huỳnh Hoàng Bình,0396780864,1975-05-18,male,"65 Đường Nguyễn Thị Minh Khai, Phường Tân Hưng, TP.HCM",huỳnhhoàngbình@outlook.com,KH037,609050925925,BT4982638888,2024-01-19,1,face_037
p038,Lý Hoàng Bình,0394730709,1992-03-06,male,"643 Đường Trần Hưng Đạo, Phường Cầu Ông Lãnh, TP.HCM",lýhoàngbình@gmail.com,KH038,991072530864,,2024-09-27,17,face_038
p039,Vũ Hoàng Phương,0974027237,1992-03-15,male,"879 Đường Lý Thường Kiệt, Phường Bến Thành, TP.HCM",vũhoàngphương@gmail.com,KH039,329058641975,HP2460493827,2024-07-26,2,face_039
p040,Dương Văn Trang,0322217824,1996-01-07,female,"214 Đường Trần Hưng Đạo, Phường Đa Kao, TP.HCM",dươngvăntrang@outlook.com,KH040,257376543209,,2024-03-10,20,face_040
p041,Đào Anh Tuấn,0979931018,2006-02-04,male,"275 Đường Nam Kỳ Khởi Nghĩa, Phường Nguyễn Cư Trinh, TP.HCM",đàoanhtuấn@yahoo.com,KH041,937029320987,CM7484645061,2024-09-03,13,face_041
p042,Bùi Thu Quang,0391806790,2010-04-19,male,"339 Đường Võ Thị Sáu, Phường Tân Hưng, TP.HCM",bùithuquang@gmail.com,KH042,789421296296,,2024-05-04,7,face_042
p043,Đặng Hồng Mai,0399936651,1995-02-09,female,"668 Đường Nguyễn Huệ, Phường Tân Định, TP.HCM",đặnghồngmai@hotmail.com,KH043,510740740740,,2024-01-03,19,face_043
p044,Phan Thanh Hồng,0388316512,1975-12-24,male,"913 Đường Điện Biên Phủ, Phường Nguyễn Cư Trinh, TP.HCM",phanthanhhồng@outlook.com,KH044,157060185185,BD9796064814,2024-06-03,8,face_044
p045,Lê Tuấn Hải,0907155246,1969-01-12,female,"665 Đường Lý Thường Kiệt, Phường An Phú, TP.HCM",lêtuấnhải@email.com,KH045,594637345679,DB7949614197,2024-03-13,8,face_045
p046,Nguyễn Quang Hùng,0342401388,1978-04-10,female,"302 Đường Hai Bà Trưng, Phường Đa Kao, TP.HCM",nguyễnquanghùng@gmail.com,KH046,395177469135,DN7399459876,2024-08-11,3,face_046
p047,Lý Tuấn Bảo,0978499382,1974-03-19,male,"132 Đường Lê Văn Việt, Phường Cầu Ông Lãnh, TP.HCM",lýtuấnbảo@hotmail.com,KH047,236458333333,DG6923379629,2024-08-08,6,face_047
p048,Vũ Đức Bình,0969560339,2001-09-20,male,"316 Đường Võ Văn Tần, Phường Nguyễn Cư Trinh, TP.HCM",vũđứcbình@email.com,KH048,362924382716,HN6965817901,2024-07-22,8,face_048
p049,Trịnh Hoàng Hồng,0392362037,1998-08-26,male,"976 Đường Lý Thường Kiệt, Phường Nguyễn Cư Trinh, TP.HCM",trịnhhoànghồng@yahoo.com,KH049,685686728395,BR1637885802,2024-05-18,17,face_049
p050,Mai Hoàng Thắng,0369348919,1971-11-06,female,"979 Đường Nam Kỳ Khởi Nghĩa, Phường Tân Phú, TP.HCM",maihoàngthắng@outlook.com,KH050,582523148148,,2024-05-09,10,face_050
p051,Phạm Bảo Yến,0351978780,1994-09-04,female,"919 Đường Lý Thường Kiệt, Phường An Phú, TP.HCM",phạmbảoyến@outlook.com,KH051,853842592592,Q8930555555,2024-11-09,10,face_051
p052,Hoàng Kim Bình,0905428626,2007-10-09,female,"443 Đường Võ Thị Sáu, Phường Cô Giang, TP.HCM",hoàngkimbình@email.com,KH052,285864197530,QB4028549382,2024-01-18,12,face_052
p053,Phạm Hồng Hùng,0345952546,1973-06-17,male,"480 Đường Nguyễn Thị Minh Khai, Phường Phạm Ngũ Lão, TP.HCM",phạmhồnghùng@outlook.com,KH053,247515432098,,2024-06-26,6,face_053
p054,Hoàng Thị Lan,0963165740,1973-04-11,male,"375 Đường Nguyễn Văn Linh, Phường Tân Định, TP.HCM",hoàngthịlan@email.com,KH054,777168209876,,2024-11-03,18,face_054
p055,Hoàng Đình Giang,0398628935,1967-02-02,male,"186 Đường Lê Lợi, Phường An Phú, TP.HCM",hoàngđìnhgiang@gmail.com,KH055,331820987654,BT2932561728,2024-05-03,4,face_055
p056,Lý Thành Hồng,0929004706,1988-11-14,male,"527 Đường Lê Văn Việt, Phường Nguyễn Thái Bình, TP.HCM",lýthànhhồng@yahoo.com,KH056,434212962962,,2024-10-26,13,face_056
p057,Võ Đức An,0375884567,1958-07-25,female,"607 Đường Hoàng Diệu, Phường Tân Hưng, TP.HCM",võđứcan@hotmail.com,KH057,830532407407,,2024-03-18,20,face_057
p058,Nguyễn Hải Thắng,0992014429,1984-02-06,male,"602 Đường Lê Văn Việt, Phường Cầu Ông Lãnh, TP.HCM",nguyễnhảithắng@hotmail.com,KH058,251851851851,,2024-06-07,5,face_058
p059,Đỗ Đình Trang,0916394290,2005-08-12,male,"515 Đường Hai Bà Trưng, Phường Tân Hưng, TP.HCM",đỗđìnhtrang@hotmail.com,KH059,498171296296,BP8207175925,2024-05-28,7,face_059
p060,Bùi Công Quang,0939899691,1983-05-05,female,"674 Đường Hoàng Diệu, Phường Cô Giang, TP.HCM",bùicôngquang@hotmail.com,KH060,102415123456,,2024-06-10,18,face_060
p061,Bùi Ngọc Nga,0963696219,1986-02-25,female,"966 Đường Hai Bà Trưng, Phường Tân Định, TP.HCM",bùingọcnga@outlook.com,KH061,390401234567,QT6407253086,2024-04-13,15,face_061
p062,Lý Thành Tuấn,0327775694,1981-03-04,male,"695 Đường Võ Thị Sáu, Phường Nguyễn Cư Trinh, TP.HCM",lýthànhtuấn@yahoo.com,KH062,574274691358,BP3690432098,2024-07-20,12,face_062
p063,Dương Thanh Hồng,0913707021,1996-02-18,male,"174 Đường Võ Văn Tần, Phường Cầu Ông Lãnh, TP.HCM",dươngthanhhồng@outlook.com,KH063,398888888888,,2024-06-16,15,face_063
p064,Lý Hồng Thanh,0994086882,1970-07-12,male,"308 Đường Trần Hưng Đạo, Phường Cầu Ông Lãnh, TP.HCM",lýhồngthanh@email.com,KH064,845208333333,BT4010879629,2024-09-22,5,face_064
p065,Dương Hải Dũng,0368147839,1956-05-23,female,"825 Đường Điện Biên Phủ, Phường Tân Hưng, TP.HCM",dươnghảidũng@outlook.com,KH065,371674382716,,2024-09-19,20,face_065
p066,Hồ Công Hải,0939944367,1993-04-12,male,"673 Đường Võ Văn Tần, Phường Phạm Ngũ Lão, TP.HCM",hồcônghải@yahoo.com,KH066,259660493827,BP5433179012,2024-08-12,4,face_066
p067,Đinh Thanh Giang,0942912731,2005-06-08,female,"242 Đường Đinh Tiên Hoàng, Phường Tân Định, TP.HCM",đinhthanhgiang@yahoo.com,KH067,199089506172,,2024-03-04,14,face_067
p068,Mai Xuân Hồng,0341125925,1971-02-05,female,"580 Đường Hai Bà Trưng, Phường Cầu Kho, TP.HCM",maixuânhồng@gmail.com,KH068,228742283950,CM8068441358,2024-01-02,12,face_068
p069,Phan Tuấn Minh,0347446141,2007-11-20,male,"953 Đường Nam Kỳ Khởi Nghĩa, Phường Đa Kao, TP.HCM",phantuấnminh@email.com,KH069,758912037037,HP1481250000,2024-07-24,20,face_069
p070,Mai Thành Linh,0331062654,2008-03-14,female,"939 Đường Hoàng Diệu, Phường Phạm Ngũ Lão, TP.HCM",maithànhlinh@yahoo.com,KH070,307600308641,HY3745910493,2024-11-21,11,face_070
p071,Đào Minh Thành,0924753240,2009-05-23,male,"218 Đường Lê Duẩn, Phường Phạm Ngũ Lão, TP.HCM",đàominhthành@gmail.com,KH071,185918209876,DB4973533950,2024-08-11,6,face_071
p072,Nguyễn Bảo Hoa,0966962345,2008-07-22,male,"541 Đường Nam Kỳ Khởi Nghĩa, Phường Nguyễn Cư Trinh, TP.HCM",nguyễnbảohoa@hotmail.com,KH072,571643518518,,2024-08-22,6,face_072
p073,Huỳnh Thu An,0349092206,1953-10-21,male,"204 Đường Hoàng Diệu, Phường Tân Phú, TP.HCM",huỳnhthuan@yahoo.com,KH073,592962962962,BL1655092592,2024-03-13,13,face_073
p074,Trịnh Hoàng Nam,0919097608,1989-10-04,female,"307 Đường Lê Lợi, Phường Bến Thành, TP.HCM",trịnhhoàngnam@yahoo.com,KH074,147206790123,,2024-01-16,19,face_074
p075,Hồ Hải Hương,0399644135,1977-04-17,male,"350 Đường Phan Văn Trị, Phường An Phú, TP.HCM",hồhảihương@gmail.com,KH075,210192901234,CT6105169753,2024-02-09,15,face_075
p076,Lê Minh Hoa,0937223611,2009-04-03,female,"689 Đường Nam Kỳ Khởi Nghĩa, Phường Đa Kao, TP.HCM",lêminhhoa@yahoo.com,KH076,944066358024,BT8888348765,2024-05-23,4,face_076
p077,Nguyễn Hữu Vy,0942654938,1980-11-16,female,"445 Đường Trần Hưng Đạo, Phường An Phú, TP.HCM",nguyễnhữuvy@gmail.com,KH077,118680555555,DL4745601851,2024-01-24,6,face_077
p078,Hồ Hồng Thắng,0361049228,1955-04-18,male,"111 Đường Cách Mạng Tháng 8, Phường Phạm Ngũ Lão, TP.HCM",hồhồngthắng@yahoo.com,KH078,978479938271,DG6121373456,2024-10-11,17,face_078
p079,Võ Công Hồng,0992184259,1954-10-03,male,"142 Đường Pasteur, Phường An Phú, TP.HCM",võcônghồng@hotmail.com,KH079,134575617283,,2024-05-01,5,face_079
p080,Bùi Đình Hà,0388647453,1976-05-25,male,"397 Đường Cách Mạng Tháng 8, Phường Nguyễn Thái Bình, TP.HCM",bùiđìnhhà@gmail.com,KH080,989228395061,CT6173302469,2024-06-15,13,face_080
p081,Trịnh Thu Anh,0349134336,1986-07-14,male,"11 Đường Pasteur, Phường Tân Hưng, TP.HCM",trịnhthuanh@email.com,KH081,536064814814,,2024-09-12,10,face_081
p082,Phan Đức Thành,0374014197,1963-08-18,male,"202 Đường Hai Bà Trưng, Phường Nguyễn Thái Bình, TP.HCM",phanđứcthành@yahoo.com,KH082,132384259259,DB3215972222,2024-04-20,3,face_082
p083,Phan Quang Đức,0356964043,1993-04-22,female,"3 Đường Phan Văn Trị, Phường Phạm Ngũ Lão, TP.HCM",phanquangđức@outlook.com,KH083,714405864197,DN9813966049,2024-11-27,11,face_083
p084,Trịnh Văn Dương,0343987962,1956-03-19,male,"984 Đường Nam Kỳ Khởi Nghĩa, Phường Cầu Kho, TP.HCM",trịnhvăndương@hotmail.com,KH084,626057098765,,2024-08-14,10,face_084
p085,Phạm Tuấn Hoa,0333451157,1971-05-20,female,"129 Đường Nguyễn Thị Minh Khai, Phường Tân Phú, TP.HCM",phạmtuấnhoa@email.com,KH085,480709876543,GV9421450617,2024-04-12,16,face_085
p086,Hoàng Anh Mai,0995160262,1987-03-18,male,"730 Đường Nguyễn Trãi, Phường An Phú, TP.HCM",hoànganhmai@outlook.com,KH086,216435185185,HS5889814814,2024-07-07,2,face_086
p087,Trịnh Đức Cường,0982498996,1970-02-01,female,"315 Đường Hai Bà Trưng, Phường Cầu Kho, TP.HCM",trịnhđứccường@hotmail.com,KH087,504012345679,BT2543364197,2024-03-13,18,face_087
p088,Đỗ Hữu Hương,0395245138,1969-03-22,male,"784 Đường Hai Bà Trưng, Phường Cô Giang, TP.HCM",đỗhữuhương@outlook.com,KH088,154552469135,,2024-03-27,10,face_088
p089,Hoàng Quang Mai,0997458333,1982-12-03,female,"900 Đường Nam Kỳ Khởi Nghĩa, Phường Đa Kao, TP.HCM",hoàngquangmai@gmail.com,KH089,884205246913,HN4289737654,2024-11-21,7,face_089
p090,Đào Quang Hải,0347222993,1970-12-11,male,"249 Đường Nguyễn Thị Minh Khai, Phường Đa Kao, TP.HCM",đàoquanghải@email.com,KH090,892152777777,HP2480324074,2024-01-16,20,face_090
p091,Hoàng Hồng Dương,0988950617,1994-12-05,female,"63 Đường Pasteur, Phường Nguyễn Cư Trinh, TP.HCM",hoànghồngdương@hotmail.com,KH091,385285493827,BR2189429012,2024-05-23,15,face_091
p092,Mai Đình Anh,0906418981,1976-07-16,female,"131 Đường Đinh Tiên Hoàng, Phường Phạm Ngũ Lão, TP.HCM",maiđìnhanh@gmail.com,KH092,774714506172,CM3528163580,2024-11-25,12,face_092
p093,Phan Xuân Đức,0331072530,1960-03-04,male,"985 Đường Võ Thị Sáu, Phường Bến Thành, TP.HCM",phanxuânđức@email.com,KH093,238217592592,HS7274305555,2024-04-20,9,face_093
p094,Hoàng Thành Quang,0343022376,1963-02-05,female,"342 Đường Lý Thường Kiệt, Phường Nguyễn Cư Trinh, TP.HCM",hoàngthànhquang@email.com,KH094,420239197530,HS9872299382,2024-03-24,7,face_094
p095,Nguyễn Ngọc Quang,0942046296,1980-07-09,male,"213 Đường Nguyễn Huệ, Phường Tân Định, TP.HCM",nguyễnngọcquang@hotmail.com,KH095,231890432098,,2024-11-11,6,face_095
p096,Phan Đình Vy,0921509490,1995-09-09,female,"357 Đường Đinh Tiên Hoàng, Phường Nguyễn Thái Bình, TP.HCM",phanđìnhvy@gmail.com,KH096,986543209876,BL8479783950,2024-02-15,11,face_096
p097,Trịnh Bảo Nga,0388218595,1963-06-23,female,"181 Đường Lê Duẩn, Phường An Phú, TP.HCM",trịnhbảonga@email.com,KH097,922268518518,,2024-11-19,6,face_097
p098,Đào Văn Phương,0398098456,1954-05-15,female,"593 Đường Nguyễn Huệ, Phường Tân Hưng, TP.HCM",đàovănphương@hotmail.com,KH098,718587962962,BL7411342592,2024-11-24,3,face_098
p099,Nguyễn Hồng Linh,0363603858,1959-12-11,female,"197 Đường Nguyễn Huệ, Phường Nguyễn Thái Bình, TP.HCM",nguyễnhồnglinh@gmail.com,KH099,722831790123,BD7231558641,2024-02-15,20,face_099
p100,Mai Anh Đức,0342516666,1986-12-11,female,"796 Đường Võ Thị Sáu, Phường Cô Giang, TP.HCM",maianhđức@email.com,KH100,190038580246,SG9348070987,2024-06-15,14,face_100
p101,Hoàng Hoàng Vy,0357281327,1987-10-06,male,"367 Đường Hoàng Diệu, Phường Tân Định, TP.HCM",hoànghoàngvy@email.com,KH101,397986111111,,2024-10-27,9,face_101
p102,Đào Công Nam,0363911188,1996-10-17,female,"85 Đường Pasteur, Phường Nguyễn Thái Bình, TP.HCM",đàocôngnam@hotmail.com,KH102,469305555555,BT3751851851,2024-02-14,1,face_102
p103,Nguyễn Anh Phương,0366805478,2001-09-05,female,"250 Đường Lê Văn Việt, Phường Nguyễn Thái Bình, TP.HCM",nguyễnanhphương@yahoo.com,KH103,879104938271,BP9627623456,2024-05-15,3,face_103
p104,Phan Công Hà,0903440509,1970-09-04,female,"781 Đường Nguyễn Trãi, Phường Phạm Ngũ Lão, TP.HCM",phancônghà@email.com,KH104,485200617283,BL9133024691,2024-03-05,9,face_104
p105,Dương Ngọc Hoa,0981260725,1990-10-21,male,"876 Đường Hoàng Diệu, Phường Nguyễn Thái Bình, TP.HCM",dươngngọchoa@outlook.com,KH105,765370370370,,2024-04-26,3,face_105
p106,Mai Xuân Nga,0983640586,1956-09-21,male,"900 Đường Nam Kỳ Khởi Nghĩa, Phường Nguyễn Cư Trinh, TP.HCM",maixuânnga@outlook.com,KH106,211689814814,Q6009027777,2024-09-06,6,face_106
p107,Huỳnh Hoàng Phương,0985923765,1989-11-04,male,"72 Đường Nam Kỳ Khởi Nghĩa, Phường Cầu Kho, TP.HCM",huỳnhhoàngphương@email.com,KH107,527044753086,,2024-04-10,19,face_107
p108,Dương Hải Thành,0353720293,1979-09-09,male,"142 Đường Pasteur, Phường Cầu Kho, TP.HCM",dươnghảithành@outlook.com,KH108,615030864197,CM4320216049,2024-06-03,16,face_108
p109,Lý Văn Hải,0945244212,1972-02-20,female,"624 Đường Lê Duẩn, Phường Bến Thành, TP.HCM",lývănhải@email.com,KH109,976682098765,DL4381172839,2024-06-24,15,face_109
p110,Bùi Thị Tuấn,0961286651,1977-07-10,female,"374 Đường Nguyễn Văn Linh, Phường Tân Phú, TP.HCM",bùithịtuấn@gmail.com,KH110,245740740740,HS8182870370,2024-04-11,3,face_110
p111,Trần Quang Yến,0923958719,2003-08-19,male,"995 Đường Nguyễn Trãi, Phường Nguyễn Thái Bình, TP.HCM",trầnquangyến@hotmail.com,KH111,866651234567,CT2169753086,2024-01-14,20,face_111
p112,Huỳnh Thị Hải,0968038194,1998-09-26,female,"724 Đường Lê Lợi, Phường Đa Kao, TP.HCM",huỳnhthịhải@gmail.com,KH112,150524691358,DL8452932098,2024-05-21,17,face_112
p113,Hoàng Đức Thanh,0373969521,1952-09-12,female,"203 Đường Phan Văn Trị, Phường An Phú, TP.HCM",hoàngđứcthanh@hotmail.com,KH113,875138888888,,2024-09-03,10,face_113
p114,Đinh Đình Dũng,0368849382,1956-07-20,male,"837 Đường Pasteur, Phường Nguyễn Cư Trinh, TP.HCM",đinhđìnhdũng@yahoo.com,KH114,871458333333,,2024-11-11,2,face_114
p115,Huỳnh Hải Nga,0343979243,1955-04-25,male,"389 Đường Nguyễn Huệ, Phường An Phú, TP.HCM",huỳnhhảinga@email.com,KH115,792777777777,HN5986574074,2024-07-20,6,face_115
p116,Lê Thanh Hải,0391206867,2010-11-05,male,"702 Đường Phan Văn Trị, Phường An Phú, TP.HCM",lêthanhhải@gmail.com,KH116,735910493827,DL1195679012,2024-05-13,10,face_116
p117,Phan Minh Giang,0903175231,1961-12-02,female,"271 Đường Cách Mạng Tháng 8, Phường Nguyễn Thái Bình, TP.HCM",phanminhgiang@gmail.com,KH117,675339506172,,2024-06-19,9,face_117
p118,Nguyễn Bảo Hùng,0395888425,1957-02-13,female,"110 Đường Trần Hưng Đạo, Phường Cầu Kho, TP.HCM",nguyễnbảohùng@yahoo.com,KH118,254992283950,QT8330941358,2024-04-17,8,face_118
p119,Phan Minh Quang,0393208641,1993-11-28,female,"482 Đường Lê Duẩn, Phường Đa Kao, TP.HCM",phanminhquang@yahoo.com,KH119,785162037037,SG1743750000,2024-10-11,16,face_119
p120,Mai Công Bảo,0385825154,1995-04-22,female,"468 Đường Điện Biên Phủ, Phường Cầu Ông Lãnh, TP.HCM",maicôngbảo@outlook.com,KH120,333850308641,BT4008410493,2024-03-08,7,face_120
p121,Đào Thanh Mai,0979515740,1996-05-02,male,"746 Đường Lê Văn Việt, Phường Phạm Ngũ Lão, TP.HCM",đàothanhmai@yahoo.com,KH121,212168209876,,2024-07-14,19,face_121
p122,Đào Văn Bình,0395978935,1990-03-21,male,"557 Đường Nguyễn Huệ, Phường Bến Thành, TP.HCM",đàovănbình@hotmail.com,KH122,666820987654,,2024-11-17,9,face_122
p123,Đinh Hữu Vy,0981692129,1979-12-10,male,"285 Đường Hoàng Diệu, Phường Tân Phú, TP.HCM",đinhhữuvy@outlook.com,KH123,146473765432,HN6579089506,2024-10-17,20,face_123
p124,Đặng Tuấn Linh,0946234567,2001-12-26,female,"312 Đường Nam Kỳ Khởi Nghĩa, Phường An Phú, TP.HCM",đặngtuấnlinh@gmail.com,KH124,565532407407,Q3880787037,2024-04-03,14,face_124
p125,Hồ Đức Bảo,0945406635,1963-04-25,female,"878 Đường Hai Bà Trưng, Phường Đa Kao, TP.HCM",hồđứcbảo@yahoo.com,KH125,236442901234,BL6367669753,2024-05-23,10,face_125
p126,Lê Quang Thành,0982986111,1995-05-11,female,"219 Đường Lê Duẩn, Phường Cô Giang, TP.HCM",lêquangthành@hotmail.com,KH126,970316358024,,2024-01-26,14,face_126
p127,Phan Hải Bình,0321449305,1983-09-08,female,"918 Đường Nguyễn Thị Minh Khai, Phường Nguyễn Cư Trinh, TP.HCM",phanhảibình@outlook.com,KH127,424969135802,BD9197376543,2024-09-13,8,face_127
p128,Vũ Thị Hồng,0941047299,1955-07-25,female,"359 Đường Nam Kỳ Khởi Nghĩa, Phường Cầu Kho, TP.HCM",vũthịhồng@email.com,KH128,816250000000,BR5221296296,2024-08-17,3,face_128
p129,Trịnh Công Trang,0361608256,1999-08-24,female,"820 Đường Hai Bà Trưng, Phường Nguyễn Thái Bình, TP.HCM",trịnhcôngtrang@hotmail.com,KH129,292716049382,DG7763734567,2024-02-02,11,face_129
p130,Nguyễn Thanh Hương,0348909953,1993-12-19,male,"426 Đường Lê Văn Việt, Phường Tân Hưng, TP.HCM",nguyễnthanhhương@email.com,KH130,565478395061,HS1935802469,2024-04-15,18,face_130
p131,Vũ Văn Bảo,0989396836,2003-02-07,male,"41 Đường Lý Thường Kiệt, Phường Phạm Ngũ Lão, TP.HCM",vũvănbảo@outlook.com,KH131,112314814814,,2024-01-27,6,face_131
p132,Phan Xuân Lan,0928776697,2010-09-26,male,"730 Đường Trần Hưng Đạo, Phường Nguyễn Thái Bình, TP.HCM",phanxuânlan@hotmail.com,KH132,158634259259,BP3478472222,2024-07-07,19,face_132
p133,Vũ Kim An,0902726543,1980-05-02,female,"531 Đường Võ Văn Tần, Phường Phạm Ngũ Lão, TP.HCM",vũkiman@gmail.com,KH133,740655864197,CM1076466049,2024-03-14,6,face_133
p134,Đào Thu Nam,0398750462,2003-04-27,female,"514 Đường Lê Duẩn, Phường Nguyễn Thái Bình, TP.HCM",đàothunam@outlook.com,KH134,652307098765,QB5637422839,2024-09-21,15,face_134
p135,Phạm Anh Dương,0339292901,1978-02-03,male,"763 Đường Đinh Tiên Hoàng, Phường An Phú, TP.HCM",phạmanhdương@hotmail.com,KH135,371365740740,HS4939120370,2024-01-22,13,face_135
p136,Hoàng Ngọc Thành,0387464969,1974-10-27,male,"885 Đường Nguyễn Trãi, Phường Tân Hưng, TP.HCM",hoàngngọcthành@gmail.com,KH136,542276234567,,2024-04-08,8,face_136
p137,Vũ Hải Cường,0942761496,1987-09-23,female,"344 Đường Nguyễn Trãi, Phường Tân Định, TP.HCM",vũhảicường@yahoo.com,KH137,980262345679,QT7305864197,2024-11-14,4,face_137
p138,Lê Thành Linh,0355507638,1986-09-16,male,"813 Đường Nguyễn Trãi, Phường Tân Định, TP.HCM",lêthànhlinh@hotmail.com,KH138,630802469135,,2024-06-14,6,face_138
p139,Hoàng Kim Thanh,0363220833,1969-01-11,female,"430 Đường Lê Duẩn, Phường Đa Kao, TP.HCM",hoàngkimthanh@hotmail.com,KH139,910455246913,DL4552237654,2024-03-08,2,face_139
p140,Đào Kim Hoa,0392985493,1956-12-19,female,"778 Đường Phan Văn Trị, Phường Đa Kao, TP.HCM",đàokimhoa@gmail.com,KH140,918402777777,,2024-02-06,7,face_140
p141,Trần Kim Thắng,0984115354,1996-05-15,female,"996 Đường Nguyễn Văn Linh, Phường Cầu Kho, TP.HCM",trầnkimthắng@hotmail.com,KH141,539722222222,DN1456018518,2024-06-05,14,face_141
p142,Phan Quang Giang,0958009645,1967-02-06,female,"606 Đường Nguyễn Thị Minh Khai, Phường Cầu Kho, TP.HCM",phanquanggiang@hotmail.com,KH142,449521604938,BD2331790123,2024-06-09,5,face_142
p143,Vũ Thành Hương,0392644675,2004-07-27,female,"249 Đường Hai Bà Trưng, Phường Cô Giang, TP.HCM",vũthànhhương@yahoo.com,KH143,155617283950,,2024-04-06,17,face_143
p144,Dương Công Hùng,0322357870,1980-05-28,male,"754 Đường Lê Lợi, Phường Tân Định, TP.HCM",dươngcônghùng@yahoo.com,KH144,335270061728,DL1133719135,2024-05-28,18,face_144
p145,Nguyễn Xuân Linh,0902344753,2007-03-15,male,"645 Đường Điện Biên Phủ, Phường Cầu Kho, TP.HCM",nguyễnxuânlinh@yahoo.com,KH145,132106481481,DB2213194444,2024-11-21,16,face_145
p146,Võ Hữu Anh,0365627932,2006-02-01,male,"261 Đường Nguyễn Huệ, Phường An Phú, TP.HCM",võhữuanh@gmail.com,KH146,847461419753,,2024-01-10,18,face_146
p147,Vũ Tuấn Tuấn,0327924459,1965-06-20,female,"831 Đường Lê Văn Việt, Phường Nguyễn Cư Trinh, TP.HCM",vũtuấntuấn@yahoo.com,KH147,485447530864,,2024-11-25,20,face_147
p148,Hoàng Đức Mai,0959470987,1980-09-08,male,"318 Đường Pasteur, Phường Đa Kao, TP.HCM",hoàngđứcmai@hotmail.com,KH148,948433641975,,2024-10-10,19,face_148
p149,Nguyễn Thanh Nga,0381267515,1991-11-21,male,"721 Đường Trần Hưng Đạo, Phường Phạm Ngũ Lão, TP.HCM",nguyễnthanhnga@outlook.com,KH149,436419753086,BP7534104938,2024-10-20,11,face_149
p150,Hoàng Hồng Thanh,0351124768,1959-01-09,male,"130 Đường Đinh Tiên Hoàng, Phường Nguyễn Thái Bình, TP.HCM",hoànghồngthanh@gmail.com,KH150,131404320987,,2024-08-10,11,face_150
p151,Đỗ Hồng Giang,0351337962,1979-04-11,female,"357 Đường Đinh Tiên Hoàng, Phường An Phú, TP.HCM",đỗhồnggiang@email.com,KH151,961057098765,,2024-05-25,10,face_151
p152,Trịnh Thành Mai,0349801157,1993-06-11,male,"501 Đường Pasteur, Phường Nguyễn Cư Trinh, TP.HCM",trịnhthànhmai@yahoo.com,KH152,815709876543,DN3771450617,2024-04-04,4,face_152
p153,Huỳnh Hữu Tuấn,0375510262,1969-07-19,female,"435 Đường Lê Lợi, Phường An Phú, TP.HCM",huỳnhhữutuấn@hotmail.com,KH153,851435185185,SG3239814814,2024-11-08,16,face_153
p154,Hoàng Thu Quang,0925848996,1973-11-12,female,"354 Đường Nguyễn Huệ, Phường Nguyễn Cư Trinh, TP.HCM",hoàngthuquang@outlook.com,KH154,539012345679,BL2893364197,2024-10-23,19,face_154
p155,Huỳnh Tuấn Linh,0902595138,1992-03-14,female,"157 Đường Nguyễn Văn Linh, Phường Tân Hưng, TP.HCM",huỳnhtuấnlinh@gmail.com,KH155,489552469135,,2024-11-09,11,face_155
p156,Đào Anh Hùng,0324808333,2005-01-23,female,"273 Đường Đinh Tiên Hoàng, Phường Tân Định, TP.HCM",đàoanhhùng@hotmail.com,KH156,319205246913,DB7639737654,2024-01-13,14,face_156
p157,Đào Minh Giang,0907572993,1952-04-12,male,"954 Đường Lý Thường Kiệt, Phường Cô Giang, TP.HCM",đàominhgiang@hotmail.com,KH157,627152777777,,2024-05-25,9,face_157
p158,Hồ Đình Quang,0914202854,1961-04-22,male,"673 Đường Hoàng Diệu, Phường Tân Định, TP.HCM",hồđìnhquang@yahoo.com,KH158,698472222222,CM3043518518,2024-01-05,3,face_158
p159,Phạm Ngọc Thành,0942097145,1953-04-23,male,"616 Đường Cách Mạng Tháng 8, Phường Cô Giang, TP.HCM",phạmngọcthành@email.com,KH159,908271604938,BL6919290123,2024-06-19,20,face_159
p160,Đỗ Tuấn Hương,0948732175,2010-01-25,male,"592 Đường Lý Thường Kiệt, Phường Nguyễn Thái Bình, TP.HCM",đỗtuấnhương@email.com,KH160,914367283950,,2024-09-02,3,face_160
p161,Võ Ngọc Thanh,0963945370,1955-05-12,male,"597 Đường Điện Biên Phủ, Phường Phạm Ngũ Lão, TP.HCM",võngọcthanh@yahoo.com,KH161,644020061728,DG4221219135,2024-02-05,9,face_161
p162,Nguyễn Tuấn Hùng,0916932253,2002-07-08,male,"821 Đường Pasteur, Phường Cầu Kho, TP.HCM",nguyễntuấnhùng@outlook.com,KH162,740856481481,SG8300694444,2024-01-07,14,face_162
p163,Lý Thành An,0944215432,1961-10-04,male,"771 Đường Lê Lợi, Phường Nguyễn Thái Bình, TP.HCM",lýthànhan@email.com,KH163,856211419753,BL4232021604,2024-04-06,4,face_163
p164,Hoàng Anh Dương,0906572685,1966-11-27,female,"790 Đường Nguyễn Thị Minh Khai, Phường Cầu Ông Lãnh, TP.HCM",hoànganhdương@email.com,KH164,201195987654,DB6126311728,2024-11-11,14,face_164
p165,Mai Ngọc Yến,0968448456,1997-10-16,female,"299 Đường Nguyễn Văn Linh, Phường An Phú, TP.HCM",maingọcyến@gmail.com,KH165,453587962962,BP4761342592,2024-04-25,17,face_165
p166,Vũ Thanh Minh,0996953858,1961-08-22,male,"236 Đường Võ Thị Sáu, Phường Bến Thành, TP.HCM",vũthanhminh@gmail.com,KH166,757831790123,DL7581558641,2024-10-25,1,face_166
p167,Ngô Đức Tuấn,0358866666,2009-01-03,male,"169 Đường Nguyễn Thị Minh Khai, Phường Tân Hưng, TP.HCM",ngôđứctuấn@yahoo.com,KH167,525038580246,CT3698070987,2024-06-06,2,face_167
p168,Huỳnh Bảo Mai,0917631327,1969-03-07,male,"73 Đường Nam Kỳ Khởi Nghĩa, Phường Tân Phú, TP.HCM",huỳnhbảomai@hotmail.com,KH168,132986111111,DG6888657407,2024-09-27,7,face_168
p169,Đinh Công Hoa,0982358950,1987-10-08,male,"774 Đường Lê Văn Việt, Phường Cầu Ông Lãnh, TP.HCM",đinhcônghoa@gmail.com,KH169,426118827160,,2024-06-15,15,face_169
p170,Võ Tuấn Hoa,0991155478,2004-06-15,male,"289 Đường Lý Thường Kiệt, Phường Bến Thành, TP.HCM",võtuấnhoa@yahoo.com,KH170,914104938271,,2024-01-28,2,face_170
p171,Trịnh Hoàng An,0998202006,1955-12-20,female,"720 Đường Nguyễn Thị Minh Khai, Phường Tân Định, TP.HCM",trịnhhoàngan@hotmail.com,KH171,427091049382,QT4607484567,2024-04-08,6,face_171
p172,Trịnh Kim Nga,0935003703,1999-01-11,male,"159 Đường Võ Thị Sáu, Phường Cô Giang, TP.HCM",trịnhkimnga@outlook.com,KH172,549853395061,QT6279552469,2024-04-17,11,face_172
p173,Nguyễn Đức Hoa,0373990586,1999-01-22,male,"606 Đường Điện Biên Phủ, Phường Nguyễn Cư Trinh, TP.HCM",nguyễnđứchoa@hotmail.com,KH173,846689814814,GV3359027777,2024-02-07,20,face_173
p174,Hồ Minh Hoa,0939273765,1991-07-15,female,"111 Đường Phan Văn Trị, Phường Nguyễn Cư Trinh, TP.HCM",hồminhhoa@email.com,KH174,562044753086,BP4290354938,2024-07-03,1,face_174
p175,Phan Công Quang,0994631018,1990-03-16,male,"19 Đường Lê Lợi, Phường An Phú, TP.HCM",phancôngquang@email.com,KH175,707029320987,HN5184645061,2024-09-14,8,face_175
p176,Hồ Đình Hương,0352506790,1974-12-21,male,"750 Đường Lê Văn Việt, Phường An Phú, TP.HCM",hồđìnhhương@hotmail.com,KH176,259421296296,QT5819675925,2024-01-16,16,face_176
p177,Đào Tuấn Bảo,0929012191,1972-01-24,female,"242 Đường Nguyễn Huệ, Phường Nguyễn Cư Trinh, TP.HCM",đàotuấnbảo@email.com,KH177,163665123456,BP4639891975,2024-10-13,11,face_177
p178,Đặng Công Bảo,0383925000,1952-01-11,female,"64 Đường Nguyễn Trãi, Phường An Phú, TP.HCM",đặngcôngbảo@gmail.com,KH178,730871913580,,2024-09-25,1,face_178
p179,Mai Quang Quang,0975388194,1960-09-17,male,"97 Đường Nguyễn Huệ, Phường Tân Phú, TP.HCM",maiquangquang@hotmail.com,KH179,485524691358,BP2802932098,2024-05-13,5,face_179
p180,Huỳnh Tuấn Minh,0934319521,1995-01-13,female,"908 Đường Đinh Tiên Hoàng, Phường Đa Kao, TP.HCM",huỳnhtuấnminh@yahoo.com,KH180,610138888888,CM8160185185,2024-10-24,8,face_180
p181,Hồ Thị Tuấn,0369213811,1994-07-08,male,"962 Đường Trần Hưng Đạo, Phường Cầu Kho, TP.HCM",hồthịtuấn@email.com,KH181,919938271604,,2024-05-10,15,face_181
p182,Lê Thành Nam,0367260339,2006-02-13,male,"393 Đường Võ Thị Sáu, Phường Nguyễn Thái Bình, TP.HCM",lêthànhnam@email.com,KH182,432924382716,,2024-11-21,20,face_182
p183,Bùi Quang Hà,0344556867,1952-07-16,female,"741 Đường Điện Biên Phủ, Phường Nguyễn Thái Bình, TP.HCM",bùiquanghà@gmail.com,KH183,770910493827,GV1545679012,2024-02-23,11,face_183
p184,Trần Hữu Bình,0919525231,1984-01-22,female,"643 Đường Điện Biên Phủ, Phường An Phú, TP.HCM",trầnhữubình@hotmail.com,KH184,110339506172,,2024-03-02,10,face_184
p185,Dương Minh Dũng,0903238425,1980-03-04,male,"481 Đường Lý Thường Kiệt, Phường Tân Hưng, TP.HCM",dươngminhdũng@outlook.com,KH185,589992283950,BT2680941358,2024-05-09,15,face_185
p186,Vũ Anh Giang,0963558641,1975-03-01,female,"188 Đường Nguyễn Huệ, Phường Cô Giang, TP.HCM",vũanhgiang@email.com,KH186,520162037037,,2024-02-23,5,face_186
p187,Võ Quang Hương,0923688503,1988-11-22,female,"961 Đường Trần Hưng Đạo, Phường Cô Giang, TP.HCM",võquanghương@email.com,KH187,641481481481,,2024-10-06,12,face_187
p188,Vũ Tuấn Thành,0363068364,1995-06-13,male,"652 Đường Trần Hưng Đạo, Phường An Phú, TP.HCM",vũtuấnthành@hotmail.com,KH188,687800925925,,2024-06-15,18,face_188
p189,Hoàng Thành Anh,0971698225,1998-01-01,female,"259 Đường Lê Lợi, Phường Tân Phú, TP.HCM",hoàngthànhanh@yahoo.com,KH189,659120370370,HS7983333333,2024-02-02,14,face_189
p190,Mai Quang Đức,0354814737,1982-10-25,female,"967 Đường Lê Lợi, Phường Cầu Kho, TP.HCM",maiquangđức@yahoo.com,KH190,857808641975,BT7747993827,2024-10-28,19,face_190
p191,Phan Hồng Đức,0393005324,1986-08-16,female,"301 Đường Đinh Tiên Hoàng, Phường Bến Thành, TP.HCM",phanhồngđức@gmail.com,KH191,786126543209,DN9475617283,2024-04-01,15,face_191
p192,Lê Thanh An,0942714429,2009-11-08,male,"14 Đường Cách Mạng Tháng 8, Phường Nguyễn Cư Trinh, TP.HCM",lêthanhan@email.com,KH192,621851851851,BD6943981481,2024-11-18,3,face_192
p193,Phạm Xuân Anh,0954053163,1979-12-04,female,"377 Đường Nguyễn Huệ, Phường Cầu Kho, TP.HCM",phạmxuânanh@hotmail.com,KH193,709429012345,,2024-02-02,15,face_193
p194,Huỳnh Đình Bình,0327599691,1988-10-26,male,"752 Đường Đinh Tiên Hoàng, Phường Tân Hưng, TP.HCM",huỳnhđìnhbình@outlook.com,KH194,172415123456,Q4727391975,2024-03-08,16,face_194
p195,Phạm Ngọc Phương,0345512500,1988-01-23,female,"906 Đường Nam Kỳ Khởi Nghĩa, Phường Bến Thành, TP.HCM",phạmngọcphương@gmail.com,KH195,139621913580,BR2843904320,2024-09-05,2,face_195
p196,Hồ Anh Thắng,0943277160,1982-06-24,female,"366 Đường Cách Mạng Tháng 8, Phường Cầu Ông Lãnh, TP.HCM",hồanhthắng@email.com,KH196,247569444444,,2024-08-04,7,face_196
p197,Lý Anh Phương,0364407021,1960-11-20,female,"584 Đường Nguyễn Huệ, Phường Nguyễn Cư Trinh, TP.HCM",lýanhphương@gmail.com,KH197,768888888888,QT9747685185,2024-06-25,16,face_197
p198,Đặng Hồng Dũng,0353301311,1979-09-24,male,"971 Đường Phan Văn Trị, Phường Đa Kao, TP.HCM",đặnghồngdũng@gmail.com,KH198,478688271604,QT8623456790,2024-07-13,2,face_198
p199,Ngô Đình Linh,0937936342,1982-11-20,male,"59 Đường Đinh Tiên Hoàng, Phường Đa Kao, TP.HCM",ngôđìnhlinh@yahoo.com,KH199,584783950617,HP4128858024,2024-08-28,19,face_199
p200,Huỳnh Công Nga,0927756558,1995-07-16,female,"43 Đường Nguyễn Văn Linh, Phường Cô Giang, TP.HCM",huỳnhcôngnga@email.com,KH200,764953703703,,2024-03-07,4,face_200
p201,Nguyễn Tuấn Anh,0335636419,1992-12-02,male,"567 Đường Cách Mạng Tháng 8, Phường Tân Hưng, TP.HCM",nguyễntuấnanh@hotmail.com,KH201,661273148148,BR4504861111,2024-04-22,4,face_201
p202,Trịnh Kim Phương,0323919598,1977-01-28,male,"960 Đường Lý Thường Kiệt, Phường Cô Giang, TP.HCM",trịnhkimphương@email.com,KH202,276628086419,GV4436188271,2024-04-24,3,face_202
p203,Lê Thanh Yến,0364276851,1989-07-17,male,"91 Đường Nguyễn Văn Linh, Phường Đa Kao, TP.HCM",lêthanhyến@gmail.com,KH203,621612654320,HP7330478395,2024-05-22,15,face_203
p204,Phan Thị Nga,0941152623,2007-07-19,male,"377 Đường Lý Thường Kiệt, Phường An Phú, TP.HCM",phanthịnga@gmail.com,KH204,674004629629,BL3965509259,2024-10-21,14,face_204
p205,Đinh Đức Vy,0939658024,1998-03-28,female,"758 Đường Điện Biên Phủ, Phường Tân Phú, TP.HCM",đinhđứcvy@hotmail.com,KH205,478248456790,DN1785725308,2024-03-24,6,face_205
p206,Đào Hoàng Nga,0379570833,1992-01-03,male,"802 Đường Võ Thị Sáu, Phường Tân Phú, TP.HCM",đàohoàngnga@email.com,KH206,345455246913,BP7902237654,2024-04-27,10,face_206
p207,Mai Quang Đức,0953335493,1999-05-20,female,"484 Đường Đinh Tiên Hoàng, Phường Cô Giang, TP.HCM",maiquangđức@email.com,KH207,653402777777,BT9092824074,2024-08-04,10,face_207
p208,Hồ Ngọc Mai,0988063117,1983-09-23,female,"630 Đường Võ Văn Tần, Phường An Phú, TP.HCM",hồngọcmai@email.com,KH208,446535493827,DB2801929012,2024-05-20,11,face_208
p209,Ngô Thành Phương,0958531481,1985-08-15,male,"33 Đường Nguyễn Thị Minh Khai, Phường Cô Giang, TP.HCM",ngôthànhphương@outlook.com,KH209,235964506172,,2024-03-20,5,face_209
p210,Lê Ngọc Linh,0908994675,1966-07-19,female,"621 Đường Nguyễn Văn Linh, Phường Tân Phú, TP.HCM",lêngọclinh@outlook.com,KH210,490617283950,,2024-01-17,18,face_210
p211,Võ Văn Dũng,0338707870,2002-06-20,female,"126 Đường Lê Lợi, Phường Phạm Ngũ Lão, TP.HCM",võvăndũng@outlook.com,KH211,670270061728,BP4483719135,2024-05-19,5,face_211
p212,Trần Đức Nga,0962694753,1989-07-16,male,"351 Đường Nguyễn Trãi, Phường Cầu Kho, TP.HCM",trầnđứcnga@gmail.com,KH212,767106481481,,2024-11-24,8,face_212
p213,Lý Quang Yến,0368824614,1981-11-27,female,"791 Đường Hai Bà Trưng, Phường Tân Hưng, TP.HCM",lýquangyến@hotmail.com,KH213,588425925925,GV9276388888,2024-05-11,13,face_213
p214,Dương Hải Dũng,0952274459,1967-02-02,male,"870 Đường Cách Mạng Tháng 8, Phường Tân Hưng, TP.HCM",dươnghảidũng@hotmail.com,KH214,520447530864,HP9374382716,2024-08-17,5,face_214
p215,Trịnh Thanh Giang,0994798379,1988-05-16,male,"796 Đường Nguyễn Thị Minh Khai, Phường Phạm Ngũ Lão, TP.HCM",trịnhthanhgiang@gmail.com,KH215,382098765432,BP4435339506,2024-05-13,13,face_215
p216,Võ Công Phương,0927840817,1999-03-28,female,"657 Đường Lê Lợi, Phường Phạm Ngũ Lão, TP.HCM",võcôngphương@yahoo.com,KH216,651157407407,,2024-07-26,15,face_216
p217,Lý Minh Phương,0991720679,2010-07-01,female,"403 Đường Võ Thị Sáu, Phường Bến Thành, TP.HCM",lýminhphương@gmail.com,KH217,747476851851,BD3700231481,2024-09-01,13,face_217
p218,Phan Kim Nga,0917559413,1950-01-11,female,"266 Đường Nguyễn Huệ, Phường Tân Phú, TP.HCM",phankimnga@yahoo.com,KH218,385054012345,BP2853780864,2024-11-05,15,face_218
p219,Ngô Thị Nam,0386805555,2006-05-21,male,"680 Đường Hai Bà Trưng, Phường Phạm Ngũ Lão, TP.HCM",ngôthịnam@yahoo.com,KH219,885594135802,Q9303626543,2024-07-16,5,face_219
p220,Bùi Văn Dương,0974903549,1969-01-05,female,"954 Đường Điện Biên Phủ, Phường Tân Hưng, TP.HCM",bùivăndương@yahoo.com,KH220,226875000000,Q3827546296,2024-04-15,18,face_220
p221,Đào Thanh Tuấn,0363964506,2002-01-28,female,"250 Đường Phan Văn Trị, Phường Tân Phú, TP.HCM",đàothanhtuấn@outlook.com,KH221,453341049382,,2024-04-13,13,face_221
p222,Đinh Thị Bảo,0935761033,1978-12-17,male,"97 Đường Nguyễn Trãi, Phường Nguyễn Thái Bình, TP.HCM",đinhthịbảo@yahoo.com,KH222,341327160493,BT3249845679,2024-04-18,13,face_222
p223,Lê Thu Bình,0908729398,1957-11-17,female,"110 Đường Lê Lợi, Phường Tân Định, TP.HCM",lêthubình@email.com,KH223,680756172839,DB4088580246,2024-01-09,9,face_223
p224,Lý Ngọc Hồng,0995882947,1978-06-14,male,"576 Đường Võ Thị Sáu, Phường Cầu Kho, TP.HCM",lýngọchồng@yahoo.com,KH224,694259259259,QB4334722222,2024-06-12,18,face_224
p225,Hồ Bảo Linh,0947332793,1998-12-13,female,"210 Đường Nguyễn Thị Minh Khai, Phường Cô Giang, TP.HCM",hồbảolinh@hotmail.com,KH225,226280864197,HY9432716049,2024-11-14,2,face_225
p226,Nguyễn Minh Thành,0902856712,1951-09-05,female,"26 Đường Lê Lợi, Phường Tân Hưng, TP.HCM",nguyễnminhthành@gmail.com,KH226,887932098765,DG3493672839,2024-04-16,8,face_226
p227,Trần Hữu Dương,0991899151,1976-06-05,male,"109 Đường Nguyễn Huệ, Phường Phạm Ngũ Lão, TP.HCM",trầnhữudương@outlook.com,KH227,456990740740,HP1295370370,2024-06-13,3,face_227
p228,Mai Thành Đức,0327571219,1962-11-23,female,"64 Đường Nguyễn Trãi, Phường Cầu Kho, TP.HCM",maithànhđức@yahoo.com,KH228,477901234567,QB7282253086,2024-07-25,7,face_228
p229,Bùi Đức Thành,0935650694,1977-04-11,female,"126 Đường Hai Bà Trưng, Phường Nguyễn Thái Bình, TP.HCM",bùiđứcthành@yahoo.com,KH229,961774691358,DG7565432098,2024-03-14,10,face_229
p230,Đinh Ngọc Hoa,0394582021,1951-07-07,male,"937 Đường Điện Biên Phủ, Phường Nguyễn Cư Trinh, TP.HCM",đinhngọchoa@gmail.com,KH230,186388888888,HS3922685185,2024-08-25,13,face_230
p231,Phạm Anh Hải,0329476311,1950-01-02,male,"991 Đường Nguyễn Văn Linh, Phường Tân Định, TP.HCM",phạmanhhải@outlook.com,KH231,496188271604,,2024-08-25,10,face_231
p232,Lê Hữu An,0913022839,1992-02-21,female,"922 Đường Hoàng Diệu, Phường Nguyễn Thái Bình, TP.HCM",lêhữuan@yahoo.com,KH232,459174382716,BR7928317901,2024-03-01,5,face_232
p233,Phan Hoàng Thắng,0951824537,1969-10-17,male,"250 Đường Nguyễn Huệ, Phường An Phú, TP.HCM",phanhoàngthắng@hotmail.com,KH233,481936728395,DG8600385802,2024-09-17,7,face_233
p234,Trần Kim Tuấn,0375811419,1983-09-16,female,"919 Đường Nguyễn Văn Linh, Phường Tân Hưng, TP.HCM",trầnkimtuấn@yahoo.com,KH234,978773148148,Q7679861111,2024-06-22,1,face_234
p235,Đỗ Thu Yến,0971094598,2009-05-06,male,"979 Đường Lê Lợi, Phường Tân Phú, TP.HCM",đỗthuyến@hotmail.com,KH235,294128086419,QT4611188271,2024-02-15,14,face_235
p236,Đặng Công Vy,0957451851,2001-07-13,male,"776 Đường Đinh Tiên Hoàng, Phường Phạm Ngũ Lão, TP.HCM",đặngcôngvy@yahoo.com,KH236,339112654320,BT4505478395,2024-11-04,19,face_236
p237,Phan Tuấn Trang,0971327623,1998-04-06,female,"730 Đường Võ Văn Tần, Phường An Phú, TP.HCM",phantuấntrang@gmail.com,KH237,991504629629,,2024-02-20,2,face_237
p238,Lý Xuân Đức,0384957484,1953-08-09,female,"559 Đường Lý Thường Kiệt, Phường Phạm Ngũ Lão, TP.HCM",lýxuânđức@email.com,KH238,262824074074,BT2353703703,2024-03-03,2,face_238
p239,Bùi Bảo Thắng,0949629552,1972-04-25,male,"71 Đường Nam Kỳ Khởi Nghĩa, Phường Đa Kao, TP.HCM",bùibảothắng@gmail.com,KH239,783734567901,BT4340586419,2024-06-13,17,face_239
p240,Phan Công Giang,0969709027,1980-04-19,male,"22 Đường Lý Thường Kiệt, Phường Cầu Ông Lãnh, TP.HCM",phancônggiang@email.com,KH240,267608024691,DB3623765432,2024-08-08,18,face_240
p241,Lê Thành Hà,0904640354,1969-06-02,male,"55 Đường Đinh Tiên Hoàng, Phường Cầu Kho, TP.HCM",lêthànhhà@email.com,KH241,592222222222,,2024-07-04,1,face_241
p242,Hoàng Thu Linh,0995020216,2003-11-24,male,"190 Đường Võ Thị Sáu, Phường Cầu Kho, TP.HCM",hoàngthulinh@gmail.com,KH242,138541666666,GV8944212962,2024-02-06,3,face_242
p243,Vũ Kim Trang,0962081172,1983-03-13,female,"595 Đường Lê Văn Việt, Phường Tân Hưng, TP.HCM",vũkimtrang@outlook.com,KH243,465007716049,SG1986651234,2024-10-08,9,face_243
p244,Lý Minh Thắng,0922882870,1953-06-16,female,"812 Đường Hoàng Diệu, Phường Tân Phú, TP.HCM",lýminhthắng@email.com,KH244,387770061728,QT1658719135,2024-11-01,9,face_244
p245,Trần Thị Trang,0322869753,1980-03-02,female,"704 Đường Nguyễn Thị Minh Khai, Phường Cầu Kho, TP.HCM",trầnthịtrang@email.com,KH245,184606481481,HY2738194444,2024-06-22,7,face_245
p246,Đặng Hoàng Bảo,0966152932,1979-02-17,male,"320 Đường Nguyễn Trãi, Phường Đa Kao, TP.HCM",đặnghoàngbảo@outlook.com,KH246,899961419753,,2024-07-12,10,face_246
p247,Võ Quang Quang,0928449459,1999-07-07,male,"889 Đường Nguyễn Huệ, Phường Bến Thành, TP.HCM",võquangquang@email.com,KH247,537947530864,,2024-07-27,11,face_247
p248,Huỳnh Kim Dũng,0379995987,1953-10-23,female,"376 Đường Hai Bà Trưng, Phường Đa Kao, TP.HCM",huỳnhkimdũng@gmail.com,KH248,100933641975,,2024-05-12,11,face_248
p249,Trần Hải Yến,0981792515,1964-12-09,female,"779 Đường Nguyễn Trãi, Phường Cầu Ông Lãnh, TP.HCM",trầnhảiyến@yahoo.com,KH249,488919753086,,2024-03-22,9,face_249
p250,Lý Thị Thắng,0901839043,1969-01-20,female,"100 Đường Pasteur, Phường Tân Phú, TP.HCM",lýthịthắng@yahoo.com,KH250,801905864197,DG1688966049,2024-03-11,3,face_250
p251,Ngô Tuấn Bình,0951862962,1952-05-27,male,"415 Đường Lê Văn Việt, Phường Đa Kao, TP.HCM",ngôtuấnbình@yahoo.com,KH251,113557098765,,2024-11-26,1,face_251
p252,Mai Anh Hùng,0941326157,1966-06-27,female,"559 Đường Hai Bà Trưng, Phường Nguyễn Cư Trinh, TP.HCM",maianhhùng@email.com,KH252,868209876543,BL4296450617,2024-11-05,15,face_252
p253,Phan Hoàng Quang,0976035262,2003-08-07,male,"494 Đường Phan Văn Trị, Phường Đa Kao, TP.HCM",phanhoàngquang@email.com,KH253,903935185185,BP3764814814,2024-06-10,7,face_253
p254,Huỳnh Bảo Hồng,0346373996,2007-11-27,female,"412 Đường Nguyễn Trãi, Phường Bến Thành, TP.HCM",huỳnhbảohồng@gmail.com,KH254,591512345679,HN3418364197,2024-06-25,10,face_254
p255,Vũ Xuân Trang,0323120138,1965-04-02,male,"215 Đường Đinh Tiên Hoàng, Phường Tân Hưng, TP.HCM",vũxuântrang@hotmail.com,KH255,542052469135,,2024-06-11,2,face_255
p256,Mai Thanh Thắng,0925333333,1978-01-11,male,"332 Đường Lê Văn Việt, Phường Tân Phú, TP.HCM",maithanhthắng@gmail.com,KH256,371705246913,HY8164737654,2024-07-14,5,face_256
p257,Nguyễn Ngọc An,0328097993,1986-05-28,female,"14 Đường Lê Duẩn, Phường Cô Giang, TP.HCM",nguyễnngọcan@gmail.com,KH257,679652777777,,2024-11-26,20,face_257
p258,Ngô Thu Hồng,0334727854,1995-04-10,female,"731 Đường Nguyễn Huệ, Phường Tân Định, TP.HCM",ngôthuhồng@email.com,KH258,750972222222,GV3568518518,2024-07-07,14,face_258
p259,Hoàng Thành Thanh,0362622145,1987-05-11,female,"674 Đường Nguyễn Thị Minh Khai, Phường Cô Giang, TP.HCM",hoàngthànhthanh@yahoo.com,KH259,960771604938,BT7444290123,2024-01-20,11,face_259
p260,Hồ Quang Phương,0369257175,1983-02-13,female,"650 Đường Võ Thị Sáu, Phường Nguyễn Thái Bình, TP.HCM",hồquangphương@hotmail.com,KH260,966867283950,,2024-04-03,14,face_260
p261,Đặng Thu Yến,0384470370,1989-06-28,female,"655 Đường Nguyễn Thị Minh Khai, Phường Cầu Ông Lãnh, TP.HCM",đặngthuyến@email.com,KH261,696520061728,QB4746219135,2024-08-06,1,face_261
p262,Trần Xuân Thắng,0337457253,1975-07-24,female,"880 Đường Nguyễn Văn Linh, Phường Nguyễn Thái Bình, TP.HCM",trầnxuânthắng@yahoo.com,KH262,793356481481,BP8825694444,2024-07-09,5,face_262
p263,Đinh Anh Minh,0364740432,1995-10-19,female,"829 Đường Hoàng Diệu, Phường Phạm Ngũ Lão, TP.HCM",đinhanhminh@yahoo.com,KH263,908711419753,HN4757021604,2024-10-08,15,face_263
p264,Huỳnh Quang Giang,0327097685,2000-11-14,male,"848 Đường Hai Bà Trưng, Phường Nguyễn Cư Trinh, TP.HCM",huỳnhquanggiang@hotmail.com,KH264,253695987654,HY6651311728,2024-06-12,5,face_264
p265,Nguyễn Thu Anh,0388973456,1970-10-04,male,"357 Đường Lê Lợi, Phường Đa Kao, TP.HCM",nguyễnthuanh@outlook.com,KH265,506087962962,BT5286342592,2024-10-27,9,face_265
p266,Võ Hải Lan,0917478858,1995-09-09,female,"294 Đường Võ Văn Tần, Phường Tân Định, TP.HCM",võhảilan@outlook.com,KH266,810331790123,QT8106558641,2024-05-27,12,face_266
p267,Dương Bảo Quang,0959391666,1982-02-19,female,"227 Đường Võ Văn Tần, Phường Tân Hưng, TP.HCM",dươngbảoquang@email.com,KH267,577538580246,HP4223070987,2024-01-08,13,face_267
p268,Phan Hồng Dũng,0338156327,2003-04-23,female,"131 Đường Nguyễn Văn Linh, Phường Tân Phú, TP.HCM",phanhồngdũng@gmail.com,KH268,185486111111,QB7413657407,2024-05-28,18,face_268
p269,Đào Minh Mai,0902883950,1960-11-23,female,"833 Đường Nguyễn Huệ, Phường Nguyễn Cư Trinh, TP.HCM",đàominhmai@outlook.com,KH269,478618827160,,2024-01-16,7,face_269
p270,Đặng Quang Mai,0911680478,1977-06-03,female,"347 Đường Võ Thị Sáu, Phường Tân Định, TP.HCM",đặngquangmai@email.com,KH270,966604938271,BL1502623456,2024-08-27,14,face_270
p271,Trần Hữu Phương,0331315509,1966-10-11,male,"212 Đường Cách Mạng Tháng 8, Phường Cô Giang, TP.HCM",trầnhữuphương@email.com,KH271,872700617283,DG4008024691,2024-10-26,8,face_271
p272,Lý Hải Tuấn,0962135725,2006-03-10,female,"641 Đường Lê Văn Việt, Phường Phạm Ngũ Lão, TP.HCM",lýhảituấn@email.com,KH272,552870370370,DB6920833333,2024-01-03,16,face_272
p273,Phạm Kim Bảo,0962252237,1970-08-24,male,"16 Đường Lý Thường Kiệt, Phường Cầu Ông Lãnh, TP.HCM",phạmkimbảo@outlook.com,KH273,451558641975,BP3685493827,2024-06-20,15,face_273
p274,Phạm Thành Hải,0946442824,1954-03-06,female,"17 Đường Võ Thị Sáu, Phường Cầu Ông Lãnh, TP.HCM",phạmthànhhải@gmail.com,KH274,979876543209,HN2413117283,2024-07-12,4,face_274
p275,Ngô Văn Thanh,0943151929,1956-01-16,male,"396 Đường Lê Duẩn, Phường Đa Kao, TP.HCM",ngôvănthanh@hotmail.com,KH275,515601851851,HP5881481481,2024-11-20,5,face_275
p276,Võ Bảo Dũng,0391490663,1967-10-03,male,"425 Đường Cách Mạng Tháng 8, Phường Phạm Ngũ Lão, TP.HCM",võbảodũng@email.com,KH276,303179012345,BL6535030864,2024-04-28,10,face_276
p277,Đào Thu Hoa,0382236805,1973-04-18,female,"6 Đường Nguyễn Trãi, Phường Cô Giang, TP.HCM",đàothuhoa@gmail.com,KH277,953719135802,HP5484876543,2024-01-15,4,face_277
p278,Đào Hồng Nga,0321834799,2006-02-06,male,"447 Đường Võ Thị Sáu, Phường Tân Phú, TP.HCM",đàohồngnga@gmail.com,KH278,445000000000,BD1508796296,2024-01-20,20,face_278
p279,Đặng Hải Tuấn,0922395756,1989-03-06,female,"908 Đường Cách Mạng Tháng 8, Phường Tân Hưng, TP.HCM",đặnghảituấn@outlook.com,KH279,821466049382,CM4051234567,2024-06-04,7,face_279
p280,Hồ Kim Phương,0909697453,1983-07-01,male,"514 Đường Võ Văn Tần, Phường Cầu Ông Lãnh, TP.HCM",hồkimphương@yahoo.com,KH280,194228395061,DG7223302469,2024-08-18,15,face_280
p281,Mai Hồng Giang,0361184336,1993-09-17,male,"128 Đường Đinh Tiên Hoàng, Phường An Phú, TP.HCM",maihồnggiang@gmail.com,KH281,641064814814,,2024-10-15,13,face_281
p282,Võ Hồng Nga,0905064197,1970-10-22,male,"318 Đường Lê Văn Việt, Phường Phạm Ngũ Lão, TP.HCM",võhồngnga@yahoo.com,KH282,237384259259,DN4265972222,2024-05-23,6,face_282
p283,Đặng Hữu Quang,0378014043,2000-06-26,male,"119 Đường Lê Duẩn, Phường Cầu Ông Lãnh, TP.HCM",đặnghữuquang@email.com,KH283,819405864197,,2024-02-03,2,face_283
p284,Trần Công An,0957310570,2000-06-07,male,"356 Đường Nguyễn Thị Minh Khai, Phường Tân Định, TP.HCM",trầncôngan@email.com,KH284,157391975308,CM3743827160,2024-09-17,12,face_284
p285,Phan Thị Dũng,0354501157,1978-07-23,female,"245 Đường Nam Kỳ Khởi Nghĩa, Phường An Phú, TP.HCM",phanthịdũng@gmail.com,KH285,585709876543,QB1471450617,2024-05-15,19,face_285
p286,Phan Hải Thắng,0336210262,1994-04-21,female,"846 Đường Võ Thị Sáu, Phường Đa Kao, TP.HCM",phanhảithắng@email.com,KH286,321435185185,BT6939814814,2024-08-10,4,face_286
p287,Mai Thành An,0323548996,1977-04-05,female,"432 Đường Lê Văn Việt, Phường Nguyễn Thái Bình, TP.HCM",maithànhan@outlook.com,KH287,609012345679,HP3593364197,2024-04-16,1,face_287
p288,Dương Đình Nam,0916295138,1977-04-26,male,"901 Đường Lê Văn Việt, Phường Nguyễn Thái Bình, TP.HCM",dươngđìnhnam@outlook.com,KH288,259552469135,,2024-04-02,12,face_288
p289,Phan Hữu Thắng,0338508333,1990-02-07,male,"18 Đường Lê Lợi, Phường Cô Giang, TP.HCM",phanhữuthắng@yahoo.com,KH289,989205246913,GV5339737654,2024-01-24,9,face_289
p290,Nguyễn Công Thanh,0368272993,1977-01-14,male,"366 Đường Nam Kỳ Khởi Nghĩa, Phường Cô Giang, TP.HCM",nguyễncôngthanh@email.com,KH290,997152777777,QT3530324074,2024-02-20,3,face_290
p291,Vũ Xuân Minh,0321000617,2001-02-08,female,"180 Đường Đinh Tiên Hoàng, Phường Bến Thành, TP.HCM",vũxuânminh@outlook.com,KH291,490285493827,CT3239429012,2024-06-26,17,face_291
p292,Trần Kim Giang,0927468981,1983-09-19,female,"248 Đường Nguyễn Huệ, Phường Cầu Ông Lãnh, TP.HCM",trầnkimgiang@gmail.com,KH292,879714506172,DB4578163580,2024-01-28,14,face_292
p293,Võ Công Thành,0352122530,1967-05-08,male,"103 Đường Pasteur, Phường Tân Định, TP.HCM",võcôngthành@email.com,KH293,343217592592,HN8324305555,2024-06-23,11,face_293
p294,Phan Thanh Nga,0364072376,1970-03-09,female,"459 Đường Võ Văn Tần, Phường Tân Định, TP.HCM",phanthanhnga@gmail.com,KH294,525239197530,HN1922299382,2024-04-28,10,face_294
p295,Lê Anh Nga,0963096296,1987-09-12,male,"330 Đường Cách Mạng Tháng 8, Phường Tân Phú, TP.HCM",lêanhnga@outlook.com,KH295,336890432098,HS5483256172,2024-05-12,16,face_295
p296,Đào Công Hoa,0378638734,1975-06-03,male,"801 Đường Võ Văn Tần, Phường Đa Kao, TP.HCM",đàocônghoa@hotmail.com,KH296,255949074074,Q6784953703,2024-08-01,19,face_296
p297,Trịnh Thị An,0965810802,2005-04-24,male,"479 Đường Điện Biên Phủ, Phường Tân Hưng, TP.HCM",trịnhthịan@email.com,KH297,926859567901,HY1271836419,2024-02-15,17,face_297
p298,Đinh Thị Cường,0337390277,1962-06-22,male,"597 Đường Võ Thị Sáu, Phường Phạm Ngũ Lão, TP.HCM",đinhthịcường@email.com,KH298,560733024691,Q2055015432,2024-06-14,2,face_298
p299,Đinh Tuấn Phương,0993821604,1961-10-10,male,"797 Đường Lê Duẩn, Phường Phạm Ngũ Lão, TP.HCM",đinhtuấnphương@gmail.com,KH299,135347222222,HS1912268518,2024-11-18,13,face_299
p300,Hoàng Bảo Thắng,0989215895,2003-09-07,female,"573 Đường Cách Mạng Tháng 8, Phường Bến Thành, TP.HCM",hoàngbảothắng@yahoo.com,KH300,195146604938,CT4288040123,2024-03-27,6,face_300
p301,Võ Bảo Vy,0955350925,1989-04-04,female,"383 Đường Lê Lợi, Phường Bến Thành, TP.HCM",võbảovy@yahoo.com,KH301,951242283950,,2024-09-17,14,face_301
p302,Bùi Anh Trang,0342814120,1950-11-26,female,"638 Đường Võ Văn Tần, Phường Đa Kao, TP.HCM",bùianhtrang@gmail.com,KH302,905895061728,HN2339969135,2024-11-15,18,face_302
p303,Mai Tuấn Nga,0944301003,1987-10-17,female,"696 Đường Võ Thị Sáu, Phường Bến Thành, TP.HCM",maituấnnga@yahoo.com,KH303,852731481481,BT4919444444,2024-09-13,19,face_303
p304,Bùi Minh Linh,0949084182,1996-11-08,male,"479 Đường Võ Thị Sáu, Phường Bến Thành, TP.HCM",bùiminhlinh@gmail.com,KH304,818086419753,,2024-06-23,17,face_304
p305,Hoàng Thu Anh,0359130709,2001-12-20,female,"798 Đường Nam Kỳ Khởi Nghĩa, Phường Tân Hưng, TP.HCM",hoàngthuanh@yahoo.com,KH305,231072530864,,2024-03-04,13,face_305
p306,Trịnh Thành Dũng,0948427237,2001-01-01,female,"36 Đường Lê Lợi, Phường Cô Giang, TP.HCM",trịnhthànhdũng@gmail.com,KH306,469058641975,DB3860493827,2024-05-12,5,face_306
p307,Bùi Xuân Hải,0359617824,1965-03-02,female,"702 Đường Điện Biên Phủ, Phường Tân Hưng, TP.HCM",bùixuânhải@yahoo.com,KH307,697376543209,DN8588117283,2024-02-22,8,face_307
p308,Ngô Anh Phương,0973326929,2008-10-03,female,"748 Đường Pasteur, Phường Đa Kao, TP.HCM",ngôanhphương@yahoo.com,KH308,833101851851,,2024-10-26,3,face_308
p309,Dương Thị Minh,0983206790,1999-09-23,male,"161 Đường Điện Biên Phủ, Phường Đa Kao, TP.HCM",dươngthịminh@email.com,KH309,629421296296,BD9519675925,2024-10-18,5,face_309
p310,Ngô Văn Thắng,0326712191,1977-06-16,male,"320 Đường Nguyễn Văn Linh, Phường Nguyễn Thái Bình, TP.HCM",ngôvănthắng@email.com,KH310,233665123456,HY5339891975,2024-03-06,13,face_310
p311,Trịnh Hồng Giang,0397625000,1997-02-22,male,"808 Đường Lê Duẩn, Phường Phạm Ngũ Lão, TP.HCM",trịnhhồnggiang@outlook.com,KH311,500871913580,,2024-03-17,3,face_311
p312,Võ Đức Thanh,0989088194,2005-10-01,female,"841 Đường Lý Thường Kiệt, Phường Cầu Kho, TP.HCM",võđứcthanh@gmail.com,KH312,255524691358,HS9502932098,2024-06-24,20,face_312
p313,Vũ Thành Vy,0395019521,1959-10-15,female,"319 Đường Lê Duẩn, Phường Cô Giang, TP.HCM",vũthànhvy@outlook.com,KH313,980138888888,,2024-10-06,13,face_313
p314,Đào Kim Linh,0389899382,1963-08-23,male,"954 Đường Lê Lợi, Phường Bến Thành, TP.HCM",đàokimlinh@yahoo.com,KH314,976458333333,SG5323379629,2024-03-12,3,face_314
p315,Trịnh Hồng Bảo,0934960339,1950-07-06,female,"471 Đường Lý Thường Kiệt, Phường Đa Kao, TP.HCM",trịnhhồngbảo@gmail.com,KH315,502924382716,BP8365817901,2024-05-07,11,face_315
p316,Dương Hữu Vy,0929762037,1967-10-21,male,"465 Đường Võ Văn Tần, Phường Phạm Ngũ Lão, TP.HCM",dươnghữuvy@email.com,KH316,225686728395,,2024-07-16,12,face_316
p317,Đặng Thành Hoa,0924225231,1968-01-05,female,"387 Đường Võ Văn Tần, Phường Phạm Ngũ Lão, TP.HCM",đặngthànhhoa@yahoo.com,KH317,780339506172,BL8084413580,2024-07-04,19,face_317
p318,Phan Đình Thắng,0943378780,1983-03-08,male,"742 Đường Nguyễn Trãi, Phường Cô Giang, TP.HCM",phanđìnhthắng@hotmail.com,KH318,693842592592,HY7330555555,2024-06-13,7,face_318
p319,Dương Tuấn Bảo,0379828626,1956-08-23,male,"598 Đường Phan Văn Trị, Phường Nguyễn Cư Trinh, TP.HCM",dươngtuấnbảo@gmail.com,KH319,425864197530,,2024-11-14,18,face_319
p320,Lê Ngọc An,0906875154,2002-05-25,female,"585 Đường Nguyễn Văn Linh, Phường Nguyễn Cư Trinh, TP.HCM",lêngọcan@outlook.com,KH320,438850308641,GV5058410493,2024-04-11,9,face_320
p321,Trần Hữu Hà,0991565740,2003-06-06,male,"863 Đường Phan Văn Trị, Phường Nguyễn Cư Trinh, TP.HCM",trầnhữuhà@hotmail.com,KH321,317168209876,CM6286033950,2024-01-01,4,face_321
p322,Phạm Minh Nga,0363774845,2002-09-05,male,"187 Đường Pasteur, Phường Tân Định, TP.HCM",phạmminhnga@email.com,KH322,702893518518,BD9254398148,2024-08-26,4,face_322
p323,Phạm Công Mai,0984613580,1989-05-28,female,"827 Đường Điện Biên Phủ, Phường Nguyễn Thái Bình, TP.HCM",phạmcôngmai@email.com,KH323,140470679012,SG6407947530,2024-01-15,1,face_323
p324,Hồ Thành Hồng,0904859722,1951-06-13,female,"686 Đường Hai Bà Trưng, Phường Đa Kao, TP.HCM",hồthànhhồng@yahoo.com,KH324,141010802469,,2024-09-22,8,face_324
p325,Mai Văn Thắng,0964822916,2009-12-15,male,"552 Đường Nguyễn Trãi, Phường Bến Thành, TP.HCM",maivănthắng@hotmail.com,KH325,645663580246,QT9404320987,2024-07-08,12,face_325
p326,Lý Ngọc Minh,0375087577,1980-05-24,female,"623 Đường Nam Kỳ Khởi Nghĩa, Phường Tân Định, TP.HCM",lýngọcminh@email.com,KH326,403611111111,,2024-09-13,2,face_326
p327,Phạm Hải Nam,0338467438,1974-01-27,female,"92 Đường Lê Lợi, Phường Đa Kao, TP.HCM",phạmhảinam@hotmail.com,KH327,249930555555,,2024-10-16,10,face_327
p328,Đặng Minh Yến,0962097299,1962-08-28,female,"476 Đường Lê Lợi, Phường Phạm Ngũ Lão, TP.HCM",đặngminhyến@email.com,KH328,921250000000,DB6271296296,2024-09-21,6,face_328
p329,Nguyễn Ngọc Hải,0382658256,2006-10-28,male,"937 Đường Lê Văn Việt, Phường Phạm Ngũ Lão, TP.HCM",nguyễnngọchải@hotmail.com,KH329,397716049382,DN8813734567,2024-03-05,13,face_329
p330,Phạm Hữu Trang,0369959953,2000-01-23,female,"543 Đường Phan Văn Trị, Phường An Phú, TP.HCM",phạmhữutrang@gmail.com,KH330,670478395061,HN2985802469,2024-05-19,1,face_330
p331,Đặng Minh An,0321446836,2010-03-11,female,"157 Đường Điện Biên Phủ, Phường Nguyễn Cư Trinh, TP.HCM",đặngminhan@email.com,KH331,217314814814,,2024-02-02,8,face_331
p332,Đặng Công Thắng,0959826697,1956-10-01,male,"847 Đường Điện Biên Phủ, Phường Phạm Ngũ Lão, TP.HCM",đặngcôngthắng@outlook.com,KH332,263634259259,,2024-09-11,14,face_332
p333,Phan Văn Nam,0378456558,1959-04-18,female,"454 Đường Lý Thường Kiệt, Phường Cầu Kho, TP.HCM",phanvănnam@yahoo.com,KH333,234953703703,GV6741666666,2024-10-04,8,face_333
p334,Đỗ Thanh Bình,0917573070,1957-12-01,male,"385 Đường Nguyễn Huệ, Phường Cầu Kho, TP.HCM",đỗthanhbình@outlook.com,KH334,633641975308,DN8506327160,2024-07-18,17,face_334
p335,Đinh Bảo Thắng,0994763657,1995-01-17,female,"274 Đường Lý Thường Kiệt, Phường Cầu Ông Lãnh, TP.HCM",đinhbảothắng@email.com,KH335,161959876543,BR6233950617,2024-03-16,4,face_335
p336,Trịnh Kim Hà,0976472762,1950-11-15,female,"875 Đường Lê Lợi, Phường Bến Thành, TP.HCM",trịnhkimhà@hotmail.com,KH336,797685185185,QB2702314814,2024-06-11,10,face_336
p337,Đặng Hoàng Bình,0963811496,1994-10-26,female,"461 Đường Võ Thị Sáu, Phường Tân Phú, TP.HCM",đặnghoàngbình@hotmail.com,KH337,185262345679,BL8355864197,2024-01-17,6,face_337
p338,Hoàng Quang Nam,0376557638,1994-11-19,female,"930 Đường Nguyễn Thị Minh Khai, Phường Tân Phú, TP.HCM",hoàngquangnam@hotmail.com,KH338,735802469135,,2024-07-17,8,face_338
p339,Phan Anh Vy,0384270833,1976-02-14,female,"547 Đường Nguyễn Thị Minh Khai, Phường Cầu Kho, TP.HCM",phananhvy@hotmail.com,KH339,115455246913,HS5602237654,2024-05-11,4,face_339
p340,Trần Anh Dũng,0914035493,1963-01-22,female,"895 Đường Lê Duẩn, Phường Cầu Kho, TP.HCM",trầnanhdũng@yahoo.com,KH340,123402777777,Q3792824074,2024-05-06,18,face_340
p341,Vũ Kim Quang,0375763117,1988-02-16,female,"708 Đường Võ Thị Sáu, Phường Tân Định, TP.HCM",vũkimquang@email.com,KH341,516535493827,,2024-07-08,17,face_341
p342,Võ Công Hoa,0979059645,1974-03-10,male,"723 Đường Nam Kỳ Khởi Nghĩa, Phường Phạm Ngũ Lão, TP.HCM",võcônghoa@outlook.com,KH342,554521604938,BP3381790123,2024-08-12,7,face_342
p343,Bùi Quang Trang,0913694675,1950-08-02,female,"366 Đường Hoàng Diệu, Phường Cầu Kho, TP.HCM",bùiquangtrang@hotmail.com,KH343,260617283950,,2024-05-09,20,face_343
p344,Đinh Kim Hương,0343407870,1987-07-03,male,"870 Đường Trần Hưng Đạo, Phường Tân Phú, TP.HCM",đinhkimhương@yahoo.com,KH344,440270061728,HS2183719135,2024-06-03,20,face_344
p345,Lê Công Nam,0923394753,1953-04-18,male,"762 Đường Hai Bà Trưng, Phường Nguyễn Thái Bình, TP.HCM",lêcôngnam@hotmail.com,KH345,237106481481,DL3263194444,2024-02-24,18,face_345
p346,Bùi Đình Dương,0386677932,1952-03-04,female,"378 Đường Lý Thường Kiệt, Phường Cô Giang, TP.HCM",bùiđìnhdương@gmail.com,KH346,952461419753,SG5194521604,2024-01-14,1,face_346
p347,Ngô Tuấn Tuấn,0966035185,1998-12-18,female,"64 Đường Lê Duẩn, Phường Tân Hưng, TP.HCM",ngôtuấntuấn@email.com,KH347,897445987654,,2024-01-10,7,face_347
p348,Phan Minh Bình,0338498379,1972-06-28,male,"541 Đường Nam Kỳ Khởi Nghĩa, Phường Tân Phú, TP.HCM",phanminhbình@outlook.com,KH348,152098765432,HS2135339506,2024-06-25,8,face_348
p349,Đặng Văn Lan,0378540817,1963-12-02,female,"69 Đường Võ Thị Sáu, Phường Cầu Ông Lãnh, TP.HCM",đặngvănlan@outlook.com,KH349,121157407407,BL3937037037,2024-06-24,12,face_349
p350,Phạm Anh Hoa,0973212885,1956-10-14,male,"135 Đường Võ Thị Sáu, Phường Đa Kao, TP.HCM",phạmanhhoa@hotmail.com,KH350,242067901234,QB1923919753,2024-01-03,18,face_350
p351,Phạm Hữu Linh,0915292361,1957-05-15,male,"975 Đường Phan Văn Trị, Phường Bến Thành, TP.HCM",phạmhữulinh@yahoo.com,KH351,525941358024,,2024-05-26,16,face_351
p352,Trần Bảo Tuấn,0391505555,1991-06-05,female,"425 Đường Nguyễn Văn Linh, Phường Tân Phú, TP.HCM",trầnbảotuấn@gmail.com,KH352,655594135802,BP7003626543,2024-07-27,20,face_352
p353,Hồ Thanh Hồng,0925603549,1994-10-07,female,"366 Đường Lê Lợi, Phường An Phú, TP.HCM",hồthanhhồng@outlook.com,KH353,596875000000,HP7527546296,2024-01-17,6,face_353
p354,Ngô Quang Dương,0931664506,2007-06-21,female,"327 Đường Lê Lợi, Phường Nguyễn Cư Trinh, TP.HCM",ngôquangdương@email.com,KH354,523341049382,HS5569984567,2024-01-16,3,face_354
p355,Huỳnh Bảo Hương,0994466203,1970-03-02,female,"433 Đường Phan Văn Trị, Phường Bến Thành, TP.HCM",huỳnhbảohương@outlook.com,KH355,346103395061,BR4242052469,2024-08-16,1,face_355
p356,Lê Tuấn Linh,0379453086,1950-11-04,male,"546 Đường Nguyễn Thị Minh Khai, Phường Bến Thành, TP.HCM",lêtuấnlinh@gmail.com,KH356,342939814814,,2024-02-20,4,face_356
p357,Đinh Minh Phương,0956582947,2003-03-16,female,"986 Đường Hoàng Diệu, Phường Nguyễn Thái Bình, TP.HCM",đinhminhphương@outlook.com,KH357,164259259259,BD8034722222,2024-03-14,7,face_357
p358,Vũ Anh Yến,0335032793,2003-05-06,female,"288 Đường Cách Mạng Tháng 8, Phường Tân Hưng, TP.HCM",vũanhyến@outlook.com,KH358,296280864197,HN1132716049,2024-05-07,4,face_358
p359,Võ Tuấn Thanh,0926556712,1996-10-17,male,"770 Đường Nguyễn Huệ, Phường Nguyễn Thái Bình, TP.HCM",võtuấnthanh@email.com,KH359,657932098765,GV1193672839,2024-04-28,3,face_359
p360,Phạm Hải Thanh,0942599151,2001-02-07,male,"519 Đường Pasteur, Phường Cầu Ông Lãnh, TP.HCM",phạmhảithanh@gmail.com,KH360,826990740740,QB4995370370,2024-03-15,11,face_360
p361,Dương Hồng Cường,0905271219,1967-04-16,female,"142 Đường Nguyễn Huệ, Phường An Phú, TP.HCM",dươnghồngcường@yahoo.com,KH361,547901234567,BT7982253086,2024-11-18,8,face_361
p362,Đào Hải Nga,0949350694,1961-05-23,male,"870 Đường Nguyễn Văn Linh, Phường Tân Định, TP.HCM",đàohảinga@email.com,KH362,731774691358,HP5265432098,2024-04-25,5,face_362
p363,Trịnh Hoàng Anh,0355282021,1977-04-09,male,"348 Đường Lê Lợi, Phường Bến Thành, TP.HCM",trịnhhoànganh@hotmail.com,KH363,556388888888,,2024-02-21,8,face_363
p364,Mai Thị Cường,0935661882,1950-09-03,female,"483 Đường Võ Thị Sáu, Phường Bến Thành, TP.HCM",maithịcường@outlook.com,KH364,102708333333,DB5585879629,2024-06-27,18,face_364
p365,Trịnh Đình Phương,0989722839,1997-07-14,female,"1 Đường Đinh Tiên Hoàng, Phường Đa Kao, TP.HCM",trịnhđìnhphương@yahoo.com,KH365,529174382716,,2024-05-24,14,face_365
p366,Lý Thành Nga,0372519367,1973-07-02,female,"848 Đường Lê Lợi, Phường Nguyễn Cư Trinh, TP.HCM",lýthànhnga@email.com,KH366,417160493827,HP7008179012,2024-04-17,18,face_366
p367,Mai Thị Lan,0384487731,1985-08-27,male,"417 Đường Nguyễn Trãi, Phường Tân Hưng, TP.HCM",maithịlan@email.com,KH367,356589506172,DG3846913580,2024-04-05,5,face_367
p368,Trịnh Thanh Hà,0903641280,2000-10-02,male,"771 Đường Nam Kỳ Khởi Nghĩa, Phường Bến Thành, TP.HCM",trịnhthanhhà@yahoo.com,KH368,270092592592,BR3093055555,2024-03-14,12,face_368
p369,Huỳnh Ngọc Cường,0331091126,1973-02-17,male,"627 Đường Pasteur, Phường Cô Giang, TP.HCM",huỳnhngọccường@email.com,KH369,902114197530,,2024-03-01,14,face_369
p370,Lê Văn Tuấn,0952637654,1988-05-05,female,"115 Đường Lý Thường Kiệt, Phường Nguyễn Cư Trinh, TP.HCM",lêvăntuấn@gmail.com,KH370,465100308641,,2024-02-14,13,face_370
p371,Đào Đức Minh,0383434182,1999-08-19,female,"517 Đường Nguyễn Văn Linh, Phường An Phú, TP.HCM",đàođứcminh@gmail.com,KH371,853086419753,DG8700771604,2024-06-18,7,face_371
p372,Đỗ Tuấn Mai,0377291435,1953-11-18,male,"703 Đường Nguyễn Văn Linh, Phường Nguyễn Thái Bình, TP.HCM",đỗtuấnmai@hotmail.com,KH372,348070987654,,2024-04-07,7,face_372
p373,Đào Hải Trang,0377504629,1973-01-21,female,"930 Đường Nguyễn Văn Linh, Phường An Phú, TP.HCM",đàohảitrang@gmail.com,KH373,277723765432,HS7891589506,2024-04-07,18,face_373
p374,Hồ Thành Bình,0333047067,1995-01-09,female,"958 Đường Nguyễn Thị Minh Khai, Phường Đa Kao, TP.HCM",hồthànhbình@hotmail.com,KH374,696782407407,,2024-02-14,15,face_374
p375,Dương Hữu Yến,0363676929,1990-02-04,female,"454 Đường Cách Mạng Tháng 8, Phường Cô Giang, TP.HCM",dươnghữuyến@gmail.com,KH375,568101851851,DG6406481481,2024-06-21,16,face_375
p376,Đặng Hồng Thắng,0992015663,2001-11-18,female,"483 Đường Võ Thị Sáu, Phường Cầu Ông Lãnh, TP.HCM",đặnghồngthắng@hotmail.com,KH376,355679012345,HN7060030864,2024-11-02,2,face_376
p377,Mai Bảo Mai,0982761805,2007-05-05,male,"65 Đường Cách Mạng Tháng 8, Phường Cầu Kho, TP.HCM",maibảomai@hotmail.com,KH377,106219135802,DL6009876543,2024-08-17,16,face_377
p378,Nguyễn Tuấn Vy,0922359799,1979-03-22,male,"505 Đường Võ Văn Tần, Phường Tân Hưng, TP.HCM",nguyễntuấnvy@outlook.com,KH378,497500000000,SG2033796296,2024-07-21,11,face_378
p379,Bùi Xuân Quang,0342920756,1962-04-22,male,"966 Đường Võ Thị Sáu, Phường Tân Hưng, TP.HCM",bùixuânquang@yahoo.com,KH379,873966049382,GV4576234567,2024-01-06,19,face_379
p380,Ngô Thành Nam,0321222453,1956-07-16,female,"572 Đường Pasteur, Phường Cầu Ông Lãnh, TP.HCM",ngôthànhnam@outlook.com,KH380,246728395061,QB7748302469,2024-03-20,6,face_380
p381,Nguyễn Tuấn An,0961709336,1966-09-04,female,"186 Đường Hoàng Diệu, Phường Đa Kao, TP.HCM",nguyễntuấnan@outlook.com,KH381,693564814814,,2024-05-17,4,face_381
p382,Đặng Tuấn Vy,0325589197,2004-10-09,male,"376 Đường Lê Lợi, Phường Cầu Ông Lãnh, TP.HCM",đặngtuấnvy@email.com,KH382,289884259259,BD4790972222,2024-11-25,17,face_382
p383,Bùi Minh Hồng,0978539043,1974-06-13,female,"178 Đường Cách Mạng Tháng 8, Phường Nguyễn Cư Trinh, TP.HCM",bùiminhhồng@hotmail.com,KH383,871905864197,,2024-08-05,13,face_383
p384,Lê Minh Bình,0377835570,1974-07-22,female,"414 Đường Võ Văn Tần, Phường Tân Định, TP.HCM",lêminhbình@yahoo.com,KH384,209891975308,GV4268827160,2024-04-19,3,face_384
p385,Vũ Công Hà,0955026157,1951-07-11,male,"304 Đường Lê Văn Việt, Phường An Phú, TP.HCM",vũcônghà@outlook.com,KH385,638209876543,DN1996450617,2024-11-17,10,face_385
p386,Võ Xuân Hương,0936735262,1967-05-09,male,"904 Đường Võ Văn Tần, Phường Cô Giang, TP.HCM",võxuânhương@yahoo.com,KH386,373935185185,CM7464814814,2024-03-12,15,face_386
p387,Nguyễn Anh Minh,0924073996,1950-04-20,male,"490 Đường Nguyễn Huệ, Phường Phạm Ngũ Lão, TP.HCM",nguyễnanhminh@yahoo.com,KH387,661512345679,DG4118364197,2024-10-18,12,face_387
p388,Lý Đức Đức,0336820138,1950-05-13,female,"959 Đường Nguyễn Huệ, Phường Nguyễn Thái Bình, TP.HCM",lýđứcđức@yahoo.com,KH388,312052469135,,2024-10-04,3,face_388
p389,Vũ Minh Hương,0939033333,1963-02-22,female,"76 Đường Phan Văn Trị, Phường Cầu Kho, TP.HCM",vũminhhương@email.com,KH389,141705246913,DB5864737654,2024-08-26,20,face_389
p390,Trần Minh Yến,0968797993,1950-02-02,female,"424 Đường Lê Văn Việt, Phường Cầu Kho, TP.HCM",trầnminhyến@hotmail.com,KH390,149652777777,HS4055324074,2024-08-21,14,face_390
p391,Võ Thị Lan,0921525617,1974-02-24,male,"238 Đường Lê Văn Việt, Phường Tân Định, TP.HCM",võthịlan@gmail.com,KH391,542785493827,HP3764429012,2024-02-28,8,face_391
p392,Lê Hồng Bình,0347993981,1956-10-07,male,"306 Đường Nguyễn Trãi, Phường Nguyễn Cư Trinh, TP.HCM",lêhồngbình@outlook.com,KH392,932214506172,HY5103163580,2024-07-02,5,face_392
p393,Đặng Đức Thanh,0952647530,2001-05-23,female,"161 Đường Nguyễn Văn Linh, Phường Tân Phú, TP.HCM",đặngđứcthanh@hotmail.com,KH393,395717592592,BR8849305555,2024-01-25,2,face_393
p394,Võ Hải Yến,0964597376,2004-04-24,male,"517 Đường Pasteur, Phường Tân Định, TP.HCM",võhảiyến@hotmail.com,KH394,577739197530,BR2447299382,2024-11-01,1,face_394
p395,Phạm Thanh Yến,0383621296,1960-10-28,female,"388 Đường Võ Thị Sáu, Phường Tân Hưng, TP.HCM",phạmthanhyến@gmail.com,KH395,389390432098,BL6008256172,2024-11-14,7,face_395
p396,Mai Đức Lan,0979163734,2009-07-19,female,"860 Đường Nam Kỳ Khởi Nghĩa, Phường Đa Kao, TP.HCM",maiđứclan@gmail.com,KH396,308449074074,,2024-10-20,4,face_396
p397,Trần Quang Cường,0329793595,2005-08-14,female,"356 Đường Hai Bà Trưng, Phường Cô Giang, TP.HCM",trầnquangcường@outlook.com,KH397,179768518518,BL8523148148,2024-11-03,14,face_397
p398,Đỗ Thanh Anh,0356132330,1961-10-22,female,"496 Đường Võ Văn Tần, Phường Cầu Kho, TP.HCM",đỗthanhanh@gmail.com,KH398,967345679012,BP1176697530,2024-10-05,2,face_398
p399,Đỗ Công Bảo,0361878472,1953-05-21,female,"855 Đường Nam Kỳ Khởi Nghĩa, Phường Cầu Ông Lãnh, TP.HCM",đỗcôngbảo@gmail.com,KH399,517885802469,DB7126543209,2024-08-05,11,face_399
p400,Ngô Minh Thắng,0942476466,1953-12-13,male,"740 Đường Võ Thị Sáu, Phường Cầu Kho, TP.HCM",ngôminhthắng@outlook.com,KH400,409166666666,,2024-02-20,8,face_400
p401,Võ Kim An,0978856327,1967-01-25,female,"542 Đường Lý Thường Kiệt, Phường Tân Hưng, TP.HCM",võkiman@hotmail.com,KH401,555486111111,BD2113657407,2024-02-03,6,face_401
p402,Hồ Đức Hải,0979583950,1965-04-16,male,"910 Đường Nguyễn Văn Linh, Phường Nguyễn Thái Bình, TP.HCM",hồđứchải@outlook.com,KH402,548618827160,CM6822762345,2024-08-06,12,face_402
p403,Đỗ Thanh Bình,0999052314,2000-06-05,female,"868 Đường Trần Hưng Đạo, Phường Phạm Ngũ Lão, TP.HCM",đỗthanhbình@gmail.com,KH403,838047839506,,2024-01-20,16,face_403
p404,Đặng Thu Nam,0345015509,1951-11-23,male,"956 Đường Võ Văn Tần, Phường Nguyễn Cư Trinh, TP.HCM",đặngthunam@outlook.com,KH404,642700617283,GV1708024691,2024-11-10,2,face_404
p405,Trịnh Hồng Hà,0922835725,1970-12-12,female,"52 Đường Cách Mạng Tháng 8, Phường Cầu Ông Lãnh, TP.HCM",trịnhhồnghà@yahoo.com,KH405,922870370370,DL1620833333,2024-09-05,4,face_405
p406,Đào Anh Thắng,0368952237,1974-01-16,male,"94 Đường Phan Văn Trị, Phường Cầu Kho, TP.HCM",đàoanhthắng@outlook.com,KH406,521558641975,HY4385493827,2024-11-13,17,face_406
p407,Hồ Thị Thành,0951142824,1999-03-17,male,"761 Đường Nguyễn Thị Minh Khai, Phường Tân Hưng, TP.HCM",hồthịthành@outlook.com,KH407,749876543209,BD9113117283,2024-08-23,19,face_407
p408,Dương Thanh Nam,0393851929,1981-10-18,male,"806 Đường Nguyễn Văn Linh, Phường Cô Giang, TP.HCM",dươngthanhnam@email.com,KH408,885601851851,,2024-05-27,14,face_408
p409,Lý Công Lan,0903731790,1972-10-11,female,"220 Đường Nguyễn Thị Minh Khai, Phường Cô Giang, TP.HCM",lýcônglan@hotmail.com,KH409,681921296296,SG1044675925,2024-05-20,16,face_409
p410,Dương Hữu Hương,0927237191,1950-07-04,male,"378 Đường Lê Lợi, Phường Phạm Ngũ Lão, TP.HCM",dươnghữuhương@hotmail.com,KH410,286165123456,DL5864891975,2024-09-07,4,face_410
p411,Đào Tuấn An,0328150000,1970-03-10,female,"866 Đường Điện Biên Phủ, Phường Cầu Ông Lãnh, TP.HCM",đàotuấnan@yahoo.com,KH411,553371913580,CM6981404320,2024-08-14,16,face_411
p412,Lý Hồng Hùng,0988914660,1984-11-21,male,"659 Đường Nam Kỳ Khởi Nghĩa, Phường Nguyễn Cư Trinh, TP.HCM",lýhồnghùng@hotmail.com,KH412,961319444444,,2024-01-26,11,face_412
p413,Võ Tuấn Bảo,0995544521,1994-11-03,male,"378 Đường Điện Biên Phủ, Phường Cầu Kho, TP.HCM",võtuấnbảo@yahoo.com,KH413,132638888888,,2024-05-08,4,face_413
p414,Mai Thành Trang,0981424382,1998-09-11,female,"13 Đường Hoàng Diệu, Phường Tân Định, TP.HCM",maithànhtrang@email.com,KH414,128958333333,BP5848379629,2024-09-14,14,face_414
p415,Đào Tuấn Dương,0355485339,1984-07-21,male,"529 Đường Võ Thị Sáu, Phường Cô Giang, TP.HCM",đàotuấndương@outlook.com,KH415,555424382716,BT8890817901,2024-11-09,2,face_415
p416,Lý Minh Bảo,0341287037,2001-11-08,female,"524 Đường Nam Kỳ Khởi Nghĩa, Phường Cầu Ông Lãnh, TP.HCM",lýminhbảo@hotmail.com,KH416,278186728395,,2024-02-18,3,face_416
p417,Bùi Anh Mai,0344750231,2002-02-21,male,"446 Đường Nam Kỳ Khởi Nghĩa, Phường Cầu Ông Lãnh, TP.HCM",bùianhmai@outlook.com,KH417,832839506172,BT8609413580,2024-02-06,11,face_417
p418,Vũ Đức Hương,0363903780,1956-04-24,female,"800 Đường Lý Thường Kiệt, Phường Cầu Kho, TP.HCM",vũđứchương@gmail.com,KH418,746342592592,DN7855555555,2024-01-15,18,face_418
p419,Lý Xuân Dương,0971353626,1990-08-11,female,"657 Đường Trần Hưng Đạo, Phường Bến Thành, TP.HCM",lýxuândương@outlook.com,KH419,478364197530,,2024-06-16,9,face_419
p420,Phạm Thu Minh,0327400154,1975-06-13,male,"643 Đường Đinh Tiên Hoàng, Phường Bến Thành, TP.HCM",phạmthuminh@yahoo.com,KH420,491350308641,DB5583410493,2024-11-13,20,face_420
p421,Lê Hoàng Hương,0912090740,1976-07-21,female,"921 Đường Lý Thường Kiệt, Phường Nguyễn Cư Trinh, TP.HCM",lêhoànghương@email.com,KH421,369668209876,GV6811033950,2024-07-03,15,face_421
p422,Hoàng Kim Vy,0964299845,1975-09-21,female,"246 Đường Hai Bà Trưng, Phường Tân Phú, TP.HCM",hoàngkimvy@hotmail.com,KH422,755393518518,SG9779398148,2024-03-28,15,face_422
p423,Hoàng Minh Dũng,0905138580,1962-05-15,male,"886 Đường Pasteur, Phường Phạm Ngũ Lão, TP.HCM",hoàngminhdũng@yahoo.com,KH423,192970679012,BP6932947530,2024-07-16,12,face_423
p424,Ngô Tuấn Nga,0325384722,1985-07-01,female,"744 Đường Nam Kỳ Khởi Nghĩa, Phường Đa Kao, TP.HCM",ngôtuấnnga@email.com,KH424,193510802469,,2024-05-23,19,face_424
p425,Nguyễn Hữu Hà,0385347916,1983-01-03,female,"611 Đường Lý Thường Kiệt, Phường Tân Định, TP.HCM",nguyễnhữuhà@gmail.com,KH425,698163580246,HS9929320987,2024-02-10,3,face_425
p426,Đinh Thu Lan,0975612577,1953-05-12,male,"681 Đường Lê Văn Việt, Phường Tân Phú, TP.HCM",đinhthulan@hotmail.com,KH426,456111111111,,2024-04-15,13,face_426
p427,Hoàng Hữu Tuấn,0938992438,2008-02-15,male,"150 Đường Hoàng Diệu, Phường Cô Giang, TP.HCM",hoànghữutuấn@gmail.com,KH427,302430555555,,2024-05-18,1,face_427
p428,Bùi Ngọc Anh,0382622299,1996-09-16,male,"534 Đường Phan Văn Trị, Phường Phạm Ngũ Lão, TP.HCM",bùingọcanh@hotmail.com,KH428,973750000000,,2024-05-19,8,face_428
p429,Lý Bảo Minh,0324502160,1980-03-14,male,"835 Đường Hoàng Diệu, Phường Nguyễn Cư Trinh, TP.HCM",lýbảominh@email.com,KH429,670069444444,GV6259490740,2024-07-26,17,face_429
p430,Hoàng Minh Hùng,0927229783,1971-01-11,male,"94 Đường Võ Văn Tần, Phường Cầu Kho, TP.HCM",hoàngminhhùng@email.com,KH430,563202160493,CM9968595679,2024-09-08,20,face_430
p431,Dương Hữu Tuấn,0922698148,1959-02-16,female,"273 Đường Nam Kỳ Khởi Nghĩa, Phường Tân Phú, TP.HCM",dươnghữutuấn@outlook.com,KH431,152631172839,BD3307330246,2024-08-04,20,face_431
p432,Bùi Minh Hương,0371351697,1990-11-17,female,"905 Đường Nguyễn Thị Minh Khai, Phường Cầu Ông Lãnh, TP.HCM",bùiminhhương@gmail.com,KH432,316134259259,,2024-04-13,5,face_432
p433,Vũ Hữu Tuấn,0978981558,1993-05-05,male,"512 Đường Lê Duẩn, Phường Nguyễn Thái Bình, TP.HCM",vũhữutuấn@email.com,KH433,287453703703,DG7266666666,2024-06-06,19,face_433
p434,Ngô Hải Minh,0338098070,1991-01-16,female,"443 Đường Phan Văn Trị, Phường Nguyễn Thái Bình, TP.HCM",ngôhảiminh@gmail.com,KH434,686141975308,BD9031327160,2024-02-20,9,face_434
p435,Trịnh Hồng Hà,0915288657,1968-02-04,female,"333 Đường Võ Thị Sáu, Phường Nguyễn Cư Trinh, TP.HCM",trịnhhồnghà@hotmail.com,KH435,214459876543,Q6758950617,2024-09-18,15,face_435
p436,Đào Thành Linh,0396997762,1984-11-03,male,"934 Đường Phan Văn Trị, Phường Bến Thành, TP.HCM",đàothànhlinh@gmail.com,KH436,850185185185,DN3227314814,2024-01-13,1,face_436
p437,Đỗ Đình Hoa,0384336496,1968-11-14,female,"519 Đường Võ Văn Tần, Phường Tân Hưng, TP.HCM",đỗđìnhhoa@gmail.com,KH437,237762345679,BT8880864197,2024-08-18,17,face_437
p438,Huỳnh Văn Tuấn,0977082638,1967-11-07,male,"988 Đường Võ Văn Tần, Phường Tân Hưng, TP.HCM",huỳnhvăntuấn@gmail.com,KH438,788302469135,,2024-03-19,19,face_438
p439,Võ Thanh Bảo,0984795833,2010-03-02,male,"605 Đường Hai Bà Trưng, Phường Cầu Kho, TP.HCM",võthanhbảo@gmail.com,KH439,167955246913,BL6127237654,2024-11-12,16,face_439
p440,Lê Thanh Hà,0334560493,1997-02-10,male,"953 Đường Cách Mạng Tháng 8, Phường Nguyễn Thái Bình, TP.HCM",lêthanhhà@email.com,KH440,175902777777,CT4317824074,2024-11-08,9,face_440
p441,Võ Hồng Thành,0976288117,1961-03-04,male,"766 Đường Điện Biên Phủ, Phường Tân Định, TP.HCM",võhồngthành@hotmail.com,KH441,569035493827,,2024-02-10,8,face_441
p442,Bùi Minh Lan,0399584645,2008-04-25,female,"781 Đường Lê Văn Việt, Phường Cầu Ông Lãnh, TP.HCM",bùiminhlan@yahoo.com,KH442,607021604938,BT3906790123,2024-03-14,18,face_442
p443,Đỗ Văn Đức,0334219675,1984-09-18,male,"424 Đường Nguyễn Huệ, Phường Nguyễn Thái Bình, TP.HCM",đỗvănđức@gmail.com,KH443,313117283950,,2024-11-11,11,face_443
p444,Đào Thành Linh,0943932870,1960-07-19,female,"928 Đường Nguyễn Trãi, Phường Tân Hưng, TP.HCM",đàothànhlinh@email.com,KH444,492770061728,,2024-08-06,2,face_444
p445,Lê Xuân Mai,0362896064,1992-04-18,male,"351 Đường Lý Thường Kiệt, Phường Phạm Ngũ Lão, TP.HCM",lêxuânmai@outlook.com,KH445,597422839506,BT9255246913,2024-07-09,14,face_445
p446,Trịnh Thanh Hải,0921049614,1979-09-17,male,"261 Đường Lê Duẩn, Phường Đa Kao, TP.HCM",trịnhthanhhải@hotmail.com,KH446,110925925925,DG4501388888,2024-08-15,12,face_446
p447,Bùi Công Thanh,0949499459,2006-08-10,male,"7 Đường Lý Thường Kiệt, Phường Tân Định, TP.HCM",bùicôngthanh@gmail.com,KH447,642947530864,BP1599382716,2024-08-12,18,face_447
p448,Vũ Ngọc Hoa,0939023379,2006-06-15,female,"599 Đường Nguyễn Văn Linh, Phường Tân Hưng, TP.HCM",vũngọchoa@yahoo.com,KH448,204598765432,BL2660339506,2024-01-26,19,face_448
p449,Bùi Hữu Hùng,0979065817,1997-12-18,male,"127 Đường Võ Văn Tần, Phường Cầu Ông Lãnh, TP.HCM",bùihữuhùng@yahoo.com,KH449,173657407407,HN4462037037,2024-01-26,3,face_449
p450,Hoàng Thanh Mai,0393737885,1990-11-02,female,"194 Đường Võ Văn Tần, Phường Cô Giang, TP.HCM",hoàngthanhmai@gmail.com,KH450,294567901234,HS2448919753,2024-07-04,9,face_450
p451,Hoàng Minh Trang,0335817361,1991-05-02,male,"34 Đường Lý Thường Kiệt, Phường Bến Thành, TP.HCM",hoàngminhtrang@outlook.com,KH451,578441358024,DL9732098765,2024-04-05,8,face_451
p452,Hồ Thị Hồng,0945748688,1993-06-01,female,"289 Đường Nguyễn Thị Minh Khai, Phường Đa Kao, TP.HCM",hồthịhồng@gmail.com,KH452,203055555555,HN1089351851,2024-07-19,20,face_452
p453,Dương Thành Quang,0958642978,1999-06-18,female,"454 Đường Nguyễn Văn Linh, Phường An Phú, TP.HCM",dươngthànhquang@outlook.com,KH453,612854938271,BL6965123456,2024-10-20,2,face_453
p454,Nguyễn Thị Đức,0985278009,1968-05-17,female,"985 Đường Phan Văn Trị, Phường Đa Kao, TP.HCM",nguyễnthịđức@hotmail.com,KH454,218950617283,BD6470524691,2024-08-10,8,face_454
p455,Võ Minh Hà,0383098225,1987-06-06,male,"81 Đường Lê Văn Việt, Phường An Phú, TP.HCM",võminhhà@gmail.com,KH455,499120370370,Q6383333333,2024-07-06,10,face_455
p456,Võ Công Hà,0329214737,1991-08-10,male,"123 Đường Pasteur, Phường Tân Định, TP.HCM",võcônghà@hotmail.com,KH456,997808641975,BR9147993827,2024-08-14,2,face_456
p457,Lê Anh Hồng,0911405324,1955-10-11,male,"790 Đường Trần Hưng Đạo, Phường Cầu Ông Lãnh, TP.HCM",lêanhhồng@hotmail.com,KH457,326126543209,DB4875617283,2024-05-24,5,face_457
p458,Huỳnh Đức Đức,0354114429,1998-05-12,male,"836 Đường Lê Duẩn, Phường Bến Thành, TP.HCM",huỳnhđứcđức@outlook.com,KH458,461851851851,,2024-08-14,10,face_458
p459,Lý Tuấn Hồng,0958494290,1958-10-18,female,"748 Đường Phan Văn Trị, Phường Cô Giang, TP.HCM",lýtuấnhồng@outlook.com,KH459,708171296296,,2024-11-01,14,face_459
p460,Hoàng Xuân Yến,0363124151,1974-03-22,female,"578 Đường Hai Bà Trưng, Phường Cầu Ông Lãnh, TP.HCM",hoàngxuânyến@outlook.com,KH460,879490740740,DN5520370370,2024-09-16,2,face_460
p461,Lý Tuấn Giang,0325796219,2001-04-04,male,"200 Đường Phan Văn Trị, Phường An Phú, TP.HCM",lýtuấngiang@email.com,KH461,600401234567,CM8507253086,2024-06-20,19,face_461
p462,Mai Xuân Yến,0369875694,1995-05-10,female,"928 Đường Lê Lợi, Phường Tân Phú, TP.HCM",maixuânyến@hotmail.com,KH462,784274691358,,2024-11-15,18,face_462
p463,Đào Kim Dương,0346088888,1968-07-01,female,"378 Đường Pasteur, Phường An Phú, TP.HCM",đàokimdương@yahoo.com,KH463,913927469135,,2024-03-09,14,face_463
p464,Lý Tuấn An,0991552083,1996-07-16,female,"744 Đường Nguyễn Trãi, Phường Cô Giang, TP.HCM",lýtuấnan@gmail.com,KH464,968580246913,,2024-05-27,9,face_464
p465,Đỗ Văn An,0945265277,1958-07-02,male,"28 Đường Võ Văn Tần, Phường Cầu Kho, TP.HCM",đỗvănan@email.com,KH465,948233024691,,2024-06-16,3,face_465
p466,Huỳnh Văn Cường,0378228472,1976-05-13,male,"227 Đường Đinh Tiên Hoàng, Phường Cô Giang, TP.HCM",huỳnhvăncường@hotmail.com,KH466,852885802469,BD1476543209,2024-08-25,19,face_466
p467,Dương Anh Thành,0332826466,1996-05-14,male,"446 Đường Trần Hưng Đạo, Phường Nguyễn Thái Bình, TP.HCM",dươnganhthành@yahoo.com,KH467,144166666666,HN4500462962,2024-09-13,10,face_467
p468,Vũ Anh Hùng,0394387422,2006-03-17,female,"352 Đường Hai Bà Trưng, Phường Phạm Ngũ Lão, TP.HCM",vũanhhùng@hotmail.com,KH468,920632716049,QB2042901234,2024-11-01,6,face_468
p469,Huỳnh Bảo Tuấn,0959689120,2007-12-05,male,"69 Đường Nam Kỳ Khởi Nghĩa, Phường Tân Phú, TP.HCM",huỳnhbảotuấn@email.com,KH469,393395061728,HY6214969135,2024-07-09,16,face_469
p470,Trần Đức Mai,0935176003,2003-03-06,female,"460 Đường Lê Duẩn, Phường Tân Phú, TP.HCM",trầnđứcmai@hotmail.com,KH470,640231481481,,2024-09-06,14,face_470
p471,Bùi Minh Giang,0979055864,1980-04-11,female,"650 Đường Lý Thường Kiệt, Phường Cô Giang, TP.HCM",bùiminhgiang@email.com,KH471,236550925925,DL1257638888,2024-06-26,2,face_471
p472,Ngô Anh Quang,0904005709,1977-10-18,male,"895 Đường Lý Thường Kiệt, Phường Phạm Ngũ Lão, TP.HCM",ngôanhquang@email.com,KH472,318572530864,HN2855632716,2024-10-09,18,face_472
p473,Nguyễn Xuân Đức,0988029629,2007-02-09,male,"989 Đường Đinh Tiên Hoàng, Phường Đa Kao, TP.HCM",nguyễnxuânđức@outlook.com,KH473,330223765432,BL8416589506,2024-10-09,9,face_473
p474,Ngô Anh Minh,0933572067,1968-02-25,male,"17 Đường Võ Văn Tần, Phường Cô Giang, TP.HCM",ngôanhminh@gmail.com,KH474,749282407407,,2024-08-15,6,face_474
p475,Lý Hoàng Anh,0964201929,1963-03-20,male,"512 Đường Nguyễn Thị Minh Khai, Phường Cô Giang, TP.HCM",lýhoànganh@outlook.com,KH475,620601851851,QB6931481481,2024-01-23,8,face_475
p476,Bùi Tuấn Hương,0912540663,1974-12-06,male,"542 Đường Võ Văn Tần, Phường Nguyễn Cư Trinh, TP.HCM",bùituấnhương@email.com,KH476,408179012345,CM7585030864,2024-06-04,13,face_476
p477,Nguyễn Thanh Dũng,0903286805,1980-06-21,female,"123 Đường Nguyễn Thị Minh Khai, Phường Nguyễn Thái Bình, TP.HCM",nguyễnthanhdũng@gmail.com,KH477,158719135802,QT6534876543,2024-03-19,7,face_477
p478,Trần Xuân Bảo,0342884799,1952-03-09,female,"563 Đường Pasteur, Phường An Phú, TP.HCM",trầnxuânbảo@yahoo.com,KH478,550000000000,,2024-08-05,3,face_478
p479,Đinh Thị Quang,0379264660,1967-04-22,male,"365 Đường Điện Biên Phủ, Phường Bến Thành, TP.HCM",đinhthịquang@gmail.com,KH479,696319444444,SG6521990740,2024-10-13,13,face_479
p480,Hoàng Quang Nga,0972992283,1957-01-19,female,"623 Đường Trần Hưng Đạo, Phường Cầu Kho, TP.HCM",hoàngquangnga@yahoo.com,KH480,589452160493,QT1231095679,2024-01-23,16,face_480
p481,Dương Anh Minh,0977460648,2006-02-24,male,"802 Đường Lê Duẩn, Phường Tân Phú, TP.HCM",dươnganhminh@email.com,KH481,178881172839,HP3569830246,2024-11-19,15,face_481
p482,Bùi Quang Bảo,0926114197,1977-11-25,female,"435 Đường Phan Văn Trị, Phường Cầu Ông Lãnh, TP.HCM",bùiquangbảo@hotmail.com,KH482,342384259259,SG5315972222,2024-06-26,8,face_482
p483,Đỗ Ngọc Nga,0399064043,2008-07-01,male,"236 Đường Nguyễn Thị Minh Khai, Phường Nguyễn Cư Trinh, TP.HCM",đỗngọcnga@email.com,KH483,924405864197,,2024-03-06,4,face_483
p484,Phạm Ngọc Hoa,0978360570,2008-07-10,male,"472 Đường Nam Kỳ Khởi Nghĩa, Phường Tân Phú, TP.HCM",phạmngọchoa@email.com,KH484,262391975308,DB4793827160,2024-11-21,14,face_484
p485,Võ Minh Hương,0375551157,1985-08-26,female,"362 Đường Lê Lợi, Phường Đa Kao, TP.HCM",võminhhương@yahoo.com,KH485,690709876543,BD2521450617,2024-07-18,1,face_485
p486,Đặng Hoàng Phương,0357260262,2001-06-24,female,"963 Đường Pasteur, Phường Cầu Kho, TP.HCM",đặnghoàngphương@email.com,KH486,426435185185,GV7989814814,2024-09-14,7,face_486
p487,Trần Quang Lan,0344598996,1985-05-08,female,"548 Đường Phan Văn Trị, Phường Phạm Ngũ Lão, TP.HCM",trầnquanglan@email.com,KH487,714012345679,QB4643364197,2024-05-19,3,face_487
p488,Đinh Bảo Hải,0937345138,1984-06-01,male,"18 Đường Phan Văn Trị, Phường Phạm Ngũ Lão, TP.HCM",đinhbảohải@email.com,KH488,364552469135,,2024-06-05,15,face_488
p489,Võ Ngọc Phương,0359558333,1997-03-10,male,"135 Đường Lý Thường Kiệt, Phường Nguyễn Thái Bình, TP.HCM",võngọcphương@hotmail.com,KH489,194205246913,,2024-05-17,5,face_489
p490,Mai Xuân Lan,0942021527,2005-12-16,female,"167 Đường Phan Văn Trị, Phường Đa Kao, TP.HCM",maixuânlan@email.com,KH490,848858024691,Q9436265432,2024-07-12,6,face_490
p491,Lý Đức Nam,0395952854,1993-02-28,female,"201 Đường Hai Bà Trưng, Phường Tân Hưng, TP.HCM",lýđứcnam@email.com,KH491,273472222222,,2024-11-22,19,face_491
p492,Vũ Đình Bình,0381832716,1997-12-07,female,"835 Đường Nguyễn Trãi, Phường Phạm Ngũ Lão, TP.HCM",vũđìnhbình@hotmail.com,KH492,269791666666,BT1256712962,2024-06-24,20,face_492
p493,Bùi Minh Hoa,0357893672,1976-05-24,female,"242 Đường Hai Bà Trưng, Phường Đa Kao, TP.HCM",bùiminhhoa@gmail.com,KH493,596257716049,,2024-01-08,6,face_493
p494,Đào Thành Cường,0335190200,1983-11-27,female,"589 Đường Nam Kỳ Khởi Nghĩa, Phường Đa Kao, TP.HCM",đàothànhcường@yahoo.com,KH494,934243827160,HY6179012345,2024-05-07,8,face_494
p495,Ngô Thành Hùng,0323158564,2009-11-12,male,"380 Đường Nguyễn Văn Linh, Phường An Phú, TP.HCM",ngôthànhhùng@hotmail.com,KH495,173672839506,QT5017746913,2024-04-10,19,face_495
p496,Võ Đức Quang,0381312114,1996-03-11,female,"290 Đường Đinh Tiên Hoàng, Phường Nguyễn Cư Trinh, TP.HCM",võđứcquang@yahoo.com,KH496,587175925925,BT9263888888,2024-06-16,18,face_496
p497,Trần Hồng Nga,0909761959,1962-02-04,female,"36 Đường Nguyễn Văn Linh, Phường Cầu Kho, TP.HCM",trầnhồngnga@email.com,KH497,219197530864,DG6361882716,2024-05-13,4,face_497
p498,Trịnh Xuân Lan,0399285879,1962-01-09,male,"628 Đường Võ Thị Sáu, Phường Phạm Ngũ Lão, TP.HCM",trịnhxuânlan@gmail.com,KH498,680848765432,DG7422839506,2024-10-27,5,face_498
p499,Trần Hồng Dũng,0939328317,1953-07-11,female,"156 Đường Phan Văn Trị, Phường Đa Kao, TP.HCM",trầnhồngdũng@gmail.com,KH499,649907407407,QB9224537037,2024-09-26,9,face_499
p500,Dương Đức Hùng,0354000385,2007-05-24,male,"223 Đường Phan Văn Trị, Phường Bến Thành, TP.HCM",dươngđứchùng@outlook.com,KH500,770817901234,GV7211419753,2024-05-05,15,face_500